RESPOND_ID,EXAMIN_BEGIN_DE,SEXDSTN_FLAG_CD,AGRDE_FLAG_NM,ANSWRR_OC_AREA_NM,HSHLD_INCOME_DGREE_NM,LSR_TIME_USE_PURPS_RN1_VALUE,LSR_TIME_USE_PURPS_RN2_VALUE,WORKDAY_DAY_AVRG_LSR_TIME_VALUE,WKEND_DAY_AVRG_LSR_TIME_VALUE,LSR_TIME_REST_RCRT_USE_RATE,LSR_TIME_HOBBY_USE_RATE,LSR_TIME_SELF_IMPT_USE_RATE,LSR_TIME_TWDPSN_RLTN_FLWSP_USE_RATE,LSR_TIME_ETC_USE_RATE,INTRST_LSR_ACT_RN1_VALUE,INTRST_LSR_ACT_RN2_VALUE,INTRST_LSR_ACT_RN3_VALUE,INTRST_LSR_ACT_RN4_VALUE,INTRST_LSR_ACT_RN5_VALUE
76639,20240508,F,60대,경기도,700만원 이상,건강 관리를 위해,자기만족-즐거움을 위해,6,10,10.00000,30.00000,10.00000,50.00000,0.00000,헬스-보디빌딩 직접 하기,쇼핑,게임,산책-걷기,SNS -인터넷 커뮤니티 활동
133018,20240508,F,40대,전라남도,300이상500만원 미만,자기 계발을 위해,자기만족-즐거움을 위해,1,4,60.00000,10.00000,10.00000,20.00000,0.00000,반려동물 돌보기,온천-사우나-찜질방,없음,없음,없음
143935,20240508,F,40대,전라남도,500이상700만원 미만,자기만족-즐거움을 위해,마음의 안정-휴식을 위해,4,2,30.00000,40.00000,30.00000,0.00000,0.00000,반려동물 돌보기,SNS -인터넷 커뮤니티 활동,생활공예-원예,산책-걷기,수다-잡담하기
158119,20240508,F,50대,전라남도,300이상500만원 미만,가족-지인 등과 시간을 보내기 위해,건강 관리를 위해,3,4,50.00000,0.00000,0.00000,20.00000,30.00000,등산 직접 하기,가족-친지 만남,계모임-동창회-사교모임,독서,국내 여행
195630,20240508,M,30대,강원도,500이상700만원 미만,마음의 안정-휴식을 위해,남는 시간을 보내기 위해,4,14,10.00000,70.00000,10.00000,10.00000,0.00000,연극-뮤지컬 관람,수다-잡담하기,SNS -인터넷 커뮤니티 활동,가족-친지 만남,게임
269005,20240508,M,20대,부산광역시,700만원 이상,건강 관리를 위해,스트레스 해소를 위해,5,5,10.00000,60.00000,0.00000,30.00000,0.00000,헬스-보디빌딩 직접 하기,기타 자기계발-자기관리,친구-이성친구 만남,게임,맛집-카페 탐방
352352,20240508,F,60대,전라남도,300만원 미만,자기 계발을 위해,건강 관리를 위해,4,5,40.00000,30.00000,20.00000,10.00000,0.00000,사회봉사활동,산책-걷기,캠핑-차박,문학 직접 활동 및 수강하기,종교활동
360492,20240508,M,20대,대구광역시,300만원 미만,가족-지인 등과 시간을 보내기 위해,스트레스 해소를 위해,2,6,70.00000,10.00000,10.00000,10.00000,0.00000,게임,만화책 보기,e스포츠 영상 시청,친구-이성친구 만남,영상 컨텐츠 시청
360774,20240508,M,40대,전라남도,700만원 이상,건강 관리를 위해,마음의 안정-휴식을 위해,2,5,50.00000,30.00000,10.00000,10.00000,0.00000,골프 직접 하기,영화관 관람,산책-걷기,낮잠자기,없음
365673,20240508,M,20대,제주특별자치도,300이상500만원 미만,스트레스 해소를 위해,자기만족-즐거움을 위해,3,12,70.00000,10.00000,18.00000,2.00000,0.00000,영상 컨텐츠 시청,음악-라디오 감상,낮잠자기,게임,없음
366631,20240508,M,20대,충청북도,500이상700만원 미만,마음의 안정-휴식을 위해,대인 관계-교제를 위해,1,4,20.00000,0.00000,30.00000,50.00000,0.00000,낮잠자기,산책-걷기,친구-이성친구 만남,없음,없음
366668,20240508,M,20대,서울특별시,300이상500만원 미만,스트레스 해소를 위해,자기만족-즐거움을 위해,3,8,60.00000,20.00000,0.00000,20.00000,0.00000,e스포츠 영상 시청,게임,구기스포츠 직접 하기,국내 프로스포츠 현장 관람,해외 프로스포츠 영상 시청
369223,20240508,M,20대,서울특별시,무응답,마음의 안정-휴식을 위해,남는 시간을 보내기 위해,12,12,25.00000,25.00000,25.00000,0.00000,25.00000,게임,기타 취미-오락-휴식,없음,없음,없음
382304,20240508,F,50대,강원도,300만원 미만,자기만족-즐거움을 위해,건강 관리를 위해,3,4,30.00000,40.00000,20.00000,10.00000,0.00000,산책-걷기,맛집-카페 탐방,미술관-전시관 관람,없음,없음
393338,20240508,M,20대,인천광역시,300이상500만원 미만,건강 관리를 위해,남는 시간을 보내기 위해,2,5,20.00000,30.00000,30.00000,20.00000,0.00000,생활공예-원예,골프 직접 하기,없음,없음,없음
407377,20240508,M,20대,부산광역시,무응답,스트레스 해소를 위해,없음,2,6,30.00000,30.00000,10.00000,30.00000,0.00000,친구-이성친구 만남,없음,없음,없음,없음
411010,20240508,M,40대,전라남도,300이상500만원 미만,건강 관리를 위해,마음의 안정-휴식을 위해,2,3,20.00000,30.00000,10.00000,40.00000,0.00000,쇼핑,산책-걷기,없음,없음,없음
412320,20240508,F,20대,전라남도,300만원 미만,자기만족-즐거움을 위해,가족-지인 등과 시간을 보내기 위해,2,5,60.00000,10.00000,0.00000,30.00000,0.00000,낮잠자기,SNS -인터넷 커뮤니티 활동,쇼핑,수다-잡담하기,영화관 관람
412879,20240508,M,30대,전라남도,300만원 미만,스트레스 해소를 위해,자기만족-즐거움을 위해,2,5,50.00000,30.00000,10.00000,10.00000,0.00000,겨울레저스포츠 직접 하기,없음,없음,없음,없음
420941,20240508,M,20대,충청북도,300만원 미만,스트레스 해소를 위해,마음의 안정-휴식을 위해,5,6,60.00000,30.00000,5.00000,5.00000,0.00000,게임,영상 컨텐츠 시청,볼링_ 당구-포켓볼 직접 하기,자전거-싸이클-산악자전거 직접 타기,SNS -인터넷 커뮤니티 활동
422121,20240508,M,20대,충청남도,700만원 이상,대인 관계-교제를 위해,건강 관리를 위해,2,4,40.00000,10.00000,20.00000,30.00000,0.00000,온천-사우나-찜질방,반려동물 돌보기,요리-베이킹,헬스-보디빌딩 직접 하기,SNS -인터넷 커뮤니티 활동
422782,20240508,M,20대,서울특별시,500이상700만원 미만,마음의 안정-휴식을 위해,자기만족-즐거움을 위해,4,6,40.00000,10.00000,20.00000,30.00000,0.00000,음악-라디오 감상,친구-이성친구 만남,맛집-카페 탐방,영상 컨텐츠 시청,어학-기술-자격증 취득
423731,20240508,M,20대,인천광역시,300만원 미만,스트레스 해소를 위해,마음의 안정-휴식을 위해,4,10,50.00000,5.00000,5.00000,40.00000,0.00000,쇼핑,게임,영상 컨텐츠 시청,수집,SNS -인터넷 커뮤니티 활동
423897,20240508,M,20대,서울특별시,500이상700만원 미만,스트레스 해소를 위해,가족-지인 등과 시간을 보내기 위해,1,3,30.00000,20.00000,10.00000,40.00000,0.00000,영상 컨텐츠 시청,없음,없음,없음,없음
424037,20240508,M,20대,부산광역시,300이상500만원 미만,마음의 안정-휴식을 위해,대인 관계-교제를 위해,4,8,60.00000,20.00000,10.00000,10.00000,0.00000,음악 직접 활동 및 수강하기,미용,없음,없음,없음
424683,20240508,M,20대,대전광역시,300만원 미만,가족-지인 등과 시간을 보내기 위해,스트레스 해소를 위해,5,5,80.00000,0.00000,10.00000,10.00000,0.00000,친구-이성친구 만남,없음,없음,없음,없음
424689,20240508,M,20대,서울특별시,무응답,자기만족-즐거움을 위해,스트레스 해소를 위해,4,12,100.00000,0.00000,0.00000,0.00000,0.00000,기타 취미-오락-휴식,없음,없음,없음,없음
425585,20240508,M,20대,제주특별자치도,300만원 미만,자기만족-즐거움을 위해,자기 계발을 위해,2,3,10.00000,20.00000,30.00000,40.00000,0.00000,미용,없음,없음,없음,없음
432979,20240508,M,20대,경기도,700만원 이상,남는 시간을 보내기 위해,자기만족-즐거움을 위해,4,6,15.00000,25.00000,20.00000,40.00000,0.00000,쇼핑,익스트림스포츠 직접하기,없음,없음,없음
435158,20240508,M,20대,경기도,300만원 미만,스트레스 해소를 위해,대인 관계-교제를 위해,3,7,30.00000,30.00000,30.00000,10.00000,0.00000,보드게임-퍼즐-바둑-장기-체스 등,연극-뮤지컬 관람,없음,없음,없음
437934,20240508,M,20대,대전광역시,700만원 이상,스트레스 해소를 위해,대인 관계-교제를 위해,2,6,10.00000,10.00000,30.00000,50.00000,0.00000,독서,낮잠자기,음악 직접 활동 및 수강하기,가족-친지 만남,친구-이성친구 만남
442800,20240508,M,20대,인천광역시,300만원 미만,스트레스 해소를 위해,마음의 안정-휴식을 위해,3,3,50.00000,0.00000,0.00000,50.00000,0.00000,만화책 보기,친구-이성친구 만남,게임,낮잠자기,없음
444321,20240508,M,20대,강원도,300만원 미만,마음의 안정-휴식을 위해,자기만족-즐거움을 위해,3,12,80.00000,10.00000,0.00000,10.00000,0.00000,만화책 보기,SNS -인터넷 커뮤니티 활동,쇼핑,게임,e스포츠 영상 시청
444895,20240508,M,20대,강원도,500이상700만원 미만,대인 관계-교제를 위해,자기만족-즐거움을 위해,3,3,10.00000,30.00000,20.00000,40.00000,0.00000,수다-잡담하기,영화관 관람,춤-무용 직접 활동 및 수강하기,없음,없음
448545,20240508,M,60대,전라남도,500이상700만원 미만,건강 관리를 위해,스트레스 해소를 위해,1,6,20.00000,70.00000,0.00000,10.00000,0.00000,등산 직접 하기,헬스-보디빌딩 직접 하기,어학-기술-자격증 취득,없음,없음
451495,20240508,M,20대,서울특별시,700만원 이상,대인 관계-교제를 위해,건강 관리를 위해,3,10,30.00000,20.00000,40.00000,10.00000,0.00000,어학-기술-자격증 취득,영화관 관람,해외 프로스포츠 영상 시청,없음,없음
451634,20240508,M,20대,전라남도,300만원 미만,자기만족-즐거움을 위해,스트레스 해소를 위해,12,12,40.00000,40.00000,10.00000,10.00000,0.00000,만화책 보기,영상 컨텐츠 시청,SNS -인터넷 커뮤니티 활동,음악-라디오 감상,격투 스포츠 영상 시청
451823,20240508,M,20대,인천광역시,300만원 미만,가족-지인 등과 시간을 보내기 위해,건강 관리를 위해,3,5,30.00000,30.00000,20.00000,20.00000,0.00000,국내 프로스포츠 현장 관람,없음,없음,없음,없음
451861,20240508,M,20대,전라북도,300만원 미만,스트레스 해소를 위해,자기만족-즐거움을 위해,3,5,40.00000,20.00000,25.00000,15.00000,0.00000,요리-베이킹,구기스포츠 직접 하기,계모임-동창회-사교모임,e스포츠 현장 관람,만화책 보기
452639,20240508,M,20대,서울특별시,300이상500만원 미만,남는 시간을 보내기 위해,스트레스 해소를 위해,1,3,30.00000,30.00000,10.00000,30.00000,0.00000,영상 컨텐츠 시청,게임,친구-이성친구 만남,없음,없음
455828,20240508,M,20대,경상남도,무응답,스트레스 해소를 위해,건강 관리를 위해,5,5,20.00000,20.00000,20.00000,20.00000,20.00000,수다-잡담하기,없음,없음,없음,없음
463260,20240508,M,20대,경상북도,500이상700만원 미만,남는 시간을 보내기 위해,건강 관리를 위해,1,3,40.00000,20.00000,20.00000,20.00000,0.00000,산책-걷기,걷기-속보-조깅 직접 하기,어학-기술-자격증 취득,헬스-보디빌딩 직접 하기,국내 여행
464151,20240508,M,20대,경기도,700만원 이상,스트레스 해소를 위해,가족-지인 등과 시간을 보내기 위해,2,5,40.00000,10.00000,30.00000,20.00000,0.00000,어학-기술-자격증 취득,국내 프로스포츠 영상 시청,음악-라디오 감상,없음,없음
466952,20240508,M,20대,서울특별시,300이상500만원 미만,자기 계발을 위해,자기만족-즐거움을 위해,2,5,100.00000,0.00000,0.00000,0.00000,0.00000,해외여행,없음,없음,없음,없음
467042,20240508,M,20대,서울특별시,300만원 미만,건강 관리를 위해,남는 시간을 보내기 위해,4,4,100.00000,0.00000,0.00000,0.00000,0.00000,e스포츠 영상 시청,없음,없음,없음,없음
468607,20240508,M,20대,대전광역시,700만원 이상,스트레스 해소를 위해,마음의 안정-휴식을 위해,1,5,35.00000,30.00000,0.00000,35.00000,0.00000,무도-격투기 직접 하기,구기스포츠 직접 하기,낚시,만화책 보기,게임
469623,20240508,M,20대,충청북도,300만원 미만,남는 시간을 보내기 위해,자기만족-즐거움을 위해,10,2,80.00000,10.00000,0.00000,10.00000,0.00000,산책-걷기,낮잠자기,해외 프로스포츠 영상 시청,종교활동,음악-라디오 감상
470528,20240508,M,20대,경기도,300이상500만원 미만,자기만족-즐거움을 위해,마음의 안정-휴식을 위해,3,5,30.00000,10.00000,40.00000,20.00000,0.00000,어학-기술-자격증 취득,게임,영상 컨텐츠 시청,산책-걷기,국내 여행
471661,20240508,M,20대,충청남도,무응답,스트레스 해소를 위해,대인 관계-교제를 위해,5,4,50.00000,0.00000,0.00000,50.00000,0.00000,국내 프로스포츠 영상 시청,없음,없음,없음,없음
472879,20240508,M,20대,경기도,무응답,마음의 안정-휴식을 위해,자기 계발을 위해,2,2,10.00000,60.00000,20.00000,10.00000,0.00000,헬스-보디빌딩 직접 하기,친구-이성친구 만남,캠핑-차박,국내 여행,기타 자기계발-자기관리
53322349,20240508,F,60대,서울특별시,500이상700만원 미만,자기만족-즐거움을 위해,마음의 안정-휴식을 위해,0,0,40.00000,0.00000,0.00000,20.00000,40.00000,사진 촬영,수다-잡담하기,기타 취미-오락-휴식,SNS -인터넷 커뮤니티 활동,쇼핑
53322403,20240508,F,60대,서울특별시,700만원 이상,자기만족-즐거움을 위해,건강 관리를 위해,5,4,10.00000,20.00000,20.00000,50.00000,0.00000,골프 직접 하기,걷기-속보-조깅 직접 하기,요가-필라테스 직접 하기,가족-친지 만남,요리-베이킹
53322629,20240508,F,60대,서울특별시,300이상500만원 미만,마음의 안정-휴식을 위해,건강 관리를 위해,4,2,30.00000,30.00000,10.00000,30.00000,0.00000,산책-걷기,쇼핑,종교활동,낮잠자기,계모임-동창회-사교모임
53322654,20240508,F,50대,서울특별시,700만원 이상,대인 관계-교제를 위해,가족-지인 등과 시간을 보내기 위해,8,10,30.00000,10.00000,10.00000,50.00000,0.00000,종교활동,맛집-카페 탐방,댄스스포츠 직접 하기,반려동물 돌보기,국내 여행
53322669,20240508,F,50대,서울특별시,무응답,대인 관계-교제를 위해,스트레스 해소를 위해,1,3,30.00000,20.00000,0.00000,50.00000,0.00000,걷기-속보-조깅 직접 하기,친구-이성친구 만남,가족-친지 만남,국내 여행,등산 직접 하기
53322735,20240508,M,30대,서울특별시,700만원 이상,대인 관계-교제를 위해,없음,5,3,1.00000,60.00000,29.00000,10.00000,0.00000,미용,없음,없음,없음,없음
53322896,20240508,F,50대,서울특별시,500이상700만원 미만,건강 관리를 위해,마음의 안정-휴식을 위해,4,8,60.00000,10.00000,10.00000,20.00000,0.00000,영화관 관람,독서,요가-필라테스 직접 하기,산책-걷기,미술관-전시관 관람
53323001,20240508,F,60대,서울특별시,300만원 미만,건강 관리를 위해,자기만족-즐거움을 위해,6,7,30.00000,40.00000,20.00000,10.00000,0.00000,생활공예-원예,줄넘기-맨손체조-스트레칭 직접 하기,걷기-속보-조깅 직접 하기,낮잠자기,영상 컨텐츠 시청
53323227,20240508,M,50대,서울특별시,500이상700만원 미만,가족-지인 등과 시간을 보내기 위해,없음,1,6,0.00000,50.00000,0.00000,50.00000,0.00000,등산 직접 하기,해외여행,사회봉사활동,없음,없음
53323319,20240508,M,50대,서울특별시,300이상500만원 미만,가족-지인 등과 시간을 보내기 위해,자기 계발을 위해,2,2,40.00000,30.00000,20.00000,10.00000,0.00000,음악 직접 활동 및 수강하기,산책-걷기,반려동물 돌보기,없음,없음
53323361,20240508,F,60대,서울특별시,300만원 미만,마음의 안정-휴식을 위해,자기만족-즐거움을 위해,2,5,30.00000,20.00000,0.00000,50.00000,0.00000,국내 여행,종교활동,가족-친지 만남,기타 문화예술 직접 활동 및 수강하기,없음
53323379,20240508,F,60대,서울특별시,500이상700만원 미만,자기만족-즐거움을 위해,건강 관리를 위해,5,3,60.00000,20.00000,0.00000,20.00000,0.00000,요가-필라테스 직접 하기,종교활동,헬스-보디빌딩 직접 하기,영상 컨텐츠 시청,댄스스포츠 직접 하기
53323462,20240508,M,30대,서울특별시,300만원 미만,건강 관리를 위해,자기 계발을 위해,5,5,30.00000,20.00000,40.00000,10.00000,0.00000,게임,어학-기술-자격증 취득,헬스-보디빌딩 직접 하기,영상 컨텐츠 시청,줄넘기-맨손체조-스트레칭 직접 하기
53323998,20240508,M,60대,서울특별시,300이상500만원 미만,건강 관리를 위해,스트레스 해소를 위해,8,8,40.00000,60.00000,0.00000,0.00000,0.00000,영상 컨텐츠 시청,걷기-속보-조깅 직접 하기,등산 직접 하기,산책-걷기,게임
53324391,20240508,F,30대,서울특별시,500이상700만원 미만,마음의 안정-휴식을 위해,대인 관계-교제를 위해,4,16,50.00000,20.00000,10.00000,20.00000,0.00000,영상 컨텐츠 시청,수다-잡담하기,음주-유흥,친구-이성친구 만남,계모임-동창회-사교모임
53324543,20240508,F,20대,서울특별시,300만원 미만,가족-지인 등과 시간을 보내기 위해,자기 계발을 위해,3,7,30.00000,10.00000,10.00000,50.00000,0.00000,영상 컨텐츠 시청,반려동물 돌보기,산책-걷기,낮잠자기,등산 직접 하기
53324699,20240508,M,50대,서울특별시,700만원 이상,가족-지인 등과 시간을 보내기 위해,대인 관계-교제를 위해,2,4,30.00000,20.00000,20.00000,30.00000,0.00000,영화관 관람,가족-친지 만남,친구-이성친구 만남,박물관 관람,드라이브
53324844,20240508,M,60대,서울특별시,700만원 이상,건강 관리를 위해,마음의 안정-휴식을 위해,3,8,30.00000,60.00000,0.00000,10.00000,0.00000,영상 컨텐츠 시청,국내 프로스포츠 영상 시청,SNS -인터넷 커뮤니티 활동,미술관-전시관 관람,국내 여행
53324871,20240508,F,40대,서울특별시,300이상500만원 미만,스트레스 해소를 위해,자기만족-즐거움을 위해,2,6,20.00000,10.00000,10.00000,60.00000,0.00000,친구-이성친구 만남,반려동물 돌보기,걷기-속보-조깅 직접 하기,수다-잡담하기,캠핑-차박
53324910,20240508,M,30대,서울특별시,700만원 이상,가족-지인 등과 시간을 보내기 위해,스트레스 해소를 위해,3,6,50.00000,0.00000,0.00000,50.00000,0.00000,만화책 보기,영상 컨텐츠 시청,음악-라디오 감상,요리-베이킹,없음
53324927,20240508,M,30대,서울특별시,300이상500만원 미만,마음의 안정-휴식을 위해,가족-지인 등과 시간을 보내기 위해,3,3,50.00000,40.00000,0.00000,10.00000,0.00000,구기스포츠 직접 하기,영상 컨텐츠 시청,국내 프로스포츠 영상 시청,해외 프로스포츠 영상 시청,없음
53325020,20240508,M,60대,서울특별시,300만원 미만,건강 관리를 위해,자기만족-즐거움을 위해,4,9,20.00000,60.00000,10.00000,10.00000,0.00000,구기스포츠 직접 하기,영화관 관람,국내 여행,골프 영상 시청,기타 자기계발-자기관리
53325038,20240508,F,50대,서울특별시,300만원 미만,남는 시간을 보내기 위해,가족-지인 등과 시간을 보내기 위해,2,1,50.00000,20.00000,0.00000,30.00000,0.00000,산책-걷기,걷기-속보-조깅 직접 하기,쇼핑,드라이브,가족-친지 만남
53325170,20240508,M,60대,경기도,700만원 이상,가족-지인 등과 시간을 보내기 위해,스트레스 해소를 위해,2,10,100.00000,0.00000,0.00000,0.00000,0.00000,국내 여행,골프 직접 하기,볼링_ 당구-포켓볼 직접 하기,캠핑-차박,맛집-카페 탐방
53325171,20240508,F,20대,서울특별시,500이상700만원 미만,마음의 안정-휴식을 위해,자기만족-즐거움을 위해,4,5,10.00000,60.00000,0.00000,30.00000,0.00000,연극-뮤지컬 관람,음악 공연 관람,반려동물 돌보기,수집,국내 여행
53325627,20240508,F,30대,충청북도,700만원 이상,마음의 안정-휴식을 위해,자기만족-즐거움을 위해,6,12,40.00000,20.00000,20.00000,20.00000,0.00000,영상 컨텐츠 시청,친구-이성친구 만남,가족-친지 만남,산책-걷기,수다-잡담하기
53325727,20240508,F,50대,부산광역시,500이상700만원 미만,마음의 안정-휴식을 위해,자기만족-즐거움을 위해,3,8,20.00000,40.00000,30.00000,5.00000,5.00000,골프 직접 하기,반려동물 돌보기,요리-베이킹,소풍-피크닉,산책-걷기
53325789,20240508,F,30대,경상북도,700만원 이상,가족-지인 등과 시간을 보내기 위해,자기만족-즐거움을 위해,2,12,0.00000,0.00000,0.00000,100.00000,0.00000,국내 여행,없음,없음,없음,없음
53326113,20240508,F,50대,강원도,700만원 이상,자기만족-즐거움을 위해,가족-지인 등과 시간을 보내기 위해,5,12,50.00000,0.00000,0.00000,50.00000,0.00000,게임,수다-잡담하기,쇼핑,친구-이성친구 만남,맛집-카페 탐방
53326158,20240508,F,20대,경기도,300이상500만원 미만,가족-지인 등과 시간을 보내기 위해,스트레스 해소를 위해,3,12,20.00000,20.00000,0.00000,60.00000,0.00000,맛집-카페 탐방,연극-뮤지컬 관람,보드게임-퍼즐-바둑-장기-체스 등,영상 컨텐츠 시청,드라이브
53326185,20240508,F,40대,대구광역시,300이상500만원 미만,자기만족-즐거움을 위해,가족-지인 등과 시간을 보내기 위해,4,8,10.00000,30.00000,50.00000,10.00000,0.00000,테마파크-시설 방문,소풍-피크닉,산책-걷기,독서,게임
53326397,20240508,M,40대,서울특별시,300이상500만원 미만,스트레스 해소를 위해,건강 관리를 위해,0,0,100.00000,0.00000,0.00000,0.00000,0.00000,낮잠자기,없음,없음,없음,없음
53326466,20240508,F,30대,부산광역시,300만원 미만,자기만족-즐거움을 위해,가족-지인 등과 시간을 보내기 위해,14,10,10.00000,0.00000,0.00000,90.00000,0.00000,친구-이성친구 만남,없음,없음,없음,없음
53326477,20240508,M,40대,경기도,500이상700만원 미만,건강 관리를 위해,스트레스 해소를 위해,1,2,70.00000,30.00000,0.00000,0.00000,0.00000,산책-걷기,헬스-보디빌딩 직접 하기,없음,없음,없음
53326479,20240508,F,50대,부산광역시,300이상500만원 미만,스트레스 해소를 위해,마음의 안정-휴식을 위해,1,5,50.00000,10.00000,0.00000,10.00000,30.00000,영상 컨텐츠 시청,쇼핑,드라이브,없음,없음
53326557,20240508,F,50대,충청남도,300이상500만원 미만,자기만족-즐거움을 위해,스트레스 해소를 위해,5,5,20.00000,0.00000,80.00000,0.00000,0.00000,독서,생활공예-원예,음악-라디오 감상,온천-사우나-찜질방,영상 컨텐츠 시청
53326747,20240508,M,60대,충청남도,300이상500만원 미만,건강 관리를 위해,자기만족-즐거움을 위해,2,4,50.00000,30.00000,10.00000,10.00000,0.00000,볼링_ 당구-포켓볼 직접 하기,쇼핑,걷기-속보-조깅 직접 하기,헬스-보디빌딩 직접 하기,맛집-카페 탐방
53326812,20240508,M,60대,경기도,300만원 미만,건강 관리를 위해,스트레스 해소를 위해,1,5,50.00000,5.00000,0.00000,45.00000,0.00000,종교활동,없음,없음,없음,없음
53327022,20240508,M,50대,서울특별시,700만원 이상,자기만족-즐거움을 위해,건강 관리를 위해,1,2,40.00000,20.00000,20.00000,20.00000,0.00000,영화관 관람,음악-라디오 감상,국내 프로스포츠 영상 시청,국내 프로스포츠 현장 관람,영상 컨텐츠 시청
53327037,20240508,F,40대,전라북도,300만원 미만,가족-지인 등과 시간을 보내기 위해,남는 시간을 보내기 위해,3,3,50.00000,0.00000,0.00000,0.00000,50.00000,국내 프로스포츠 현장 관람,보드게임-퍼즐-바둑-장기-체스 등,쇼핑,국내 프로스포츠 영상 시청,테마파크-시설 방문
53327048,20240508,F,40대,인천광역시,300이상500만원 미만,가족-지인 등과 시간을 보내기 위해,스트레스 해소를 위해,3,2,60.00000,10.00000,10.00000,20.00000,0.00000,쇼핑,SNS -인터넷 커뮤니티 활동,걷기-속보-조깅 직접 하기,등산 직접 하기,소풍-피크닉
53327281,20240508,F,40대,경기도,700만원 이상,가족-지인 등과 시간을 보내기 위해,마음의 안정-휴식을 위해,4,10,50.00000,30.00000,20.00000,0.00000,0.00000,만화책 보기,산책-걷기,독서,쇼핑,수다-잡담하기
53327446,20240508,M,30대,대구광역시,300만원 미만,스트레스 해소를 위해,가족-지인 등과 시간을 보내기 위해,3,8,20.00000,30.00000,0.00000,50.00000,0.00000,골프 직접 하기,수영 직접 하기,드라이브,없음,없음
53327518,20240508,M,50대,경기도,700만원 이상,건강 관리를 위해,자기 계발을 위해,1,6,10.00000,80.00000,0.00000,10.00000,0.00000,자전거-싸이클-산악자전거 직접 타기,해외여행,없음,없음,없음
53327563,20240508,F,20대,부산광역시,300만원 미만,자기만족-즐거움을 위해,마음의 안정-휴식을 위해,1,2,60.00000,10.00000,10.00000,20.00000,0.00000,수다-잡담하기,없음,없음,없음,없음
53327830,20240508,F,40대,부산광역시,300이상500만원 미만,가족-지인 등과 시간을 보내기 위해,스트레스 해소를 위해,7,0,10.00000,5.00000,30.00000,55.00000,0.00000,쇼핑,음악-라디오 감상,친구-이성친구 만남,해외여행,맛집-카페 탐방
53327923,20240508,F,50대,서울특별시,500이상700만원 미만,자기 계발을 위해,마음의 안정-휴식을 위해,4,8,30.00000,5.00000,35.00000,30.00000,0.00000,산책-걷기,어학-기술-자격증 취득,독서,종교활동,걷기-속보-조깅 직접 하기
53327969,20240508,M,30대,경기도,700만원 이상,가족-지인 등과 시간을 보내기 위해,스트레스 해소를 위해,2,10,10.00000,10.00000,0.00000,80.00000,0.00000,국내 프로스포츠 영상 시청,낮잠자기,산책-걷기,맛집-카페 탐방,해외여행
53328067,20240508,F,50대,인천광역시,700만원 이상,가족-지인 등과 시간을 보내기 위해,기타,3,5,20.00000,60.00000,0.00000,10.00000,10.00000,골프 직접 하기,라켓스포츠 직접 하기,없음,없음,없음
53328151,20240508,F,30대,제주특별자치도,300이상500만원 미만,자기만족-즐거움을 위해,마음의 안정-휴식을 위해,2,5,50.00000,50.00000,0.00000,0.00000,0.00000,국내 여행,없음,없음,없음,없음
53328163,20240508,F,20대,경기도,무응답,스트레스 해소를 위해,마음의 안정-휴식을 위해,4,4,70.00000,10.00000,10.00000,10.00000,0.00000,SNS -인터넷 커뮤니티 활동,영상 컨텐츠 제작,영상 컨텐츠 시청,없음,없음
53328253,20240508,F,30대,광주광역시,500이상700만원 미만,가족-지인 등과 시간을 보내기 위해,마음의 안정-휴식을 위해,5,12,90.00000,0.00000,0.00000,10.00000,0.00000,영상 컨텐츠 시청,산책-걷기,드라이브,낮잠자기,국내 여행
53328343,20240508,M,40대,경기도,500이상700만원 미만,마음의 안정-휴식을 위해,가족-지인 등과 시간을 보내기 위해,0,8,40.00000,0.00000,20.00000,40.00000,0.00000,산책-걷기,종교활동,보드게임-퍼즐-바둑-장기-체스 등,쇼핑,낮잠자기
53328396,20240508,F,50대,서울특별시,700만원 이상,가족-지인 등과 시간을 보내기 위해,자기 계발을 위해,4,6,5.00000,35.00000,40.00000,20.00000,0.00000,어학-기술-자격증 취득,걷기-속보-조깅 직접 하기,반려동물 돌보기,없음,없음
53328524,20240508,F,40대,경상남도,300만원 미만,마음의 안정-휴식을 위해,가족-지인 등과 시간을 보내기 위해,2,4,60.00000,10.00000,0.00000,30.00000,0.00000,걷기-속보-조깅 직접 하기,없음,없음,없음,없음
53328599,20240508,F,20대,서울특별시,300만원 미만,마음의 안정-휴식을 위해,스트레스 해소를 위해,3,5,80.00000,10.00000,0.00000,10.00000,0.00000,SNS -인터넷 커뮤니티 활동,영상 컨텐츠 시청,만화책 보기,종교활동,요가-필라테스 직접 하기
53328636,20240508,M,60대,서울특별시,500이상700만원 미만,건강 관리를 위해,마음의 안정-휴식을 위해,10,10,30.00000,30.00000,0.00000,40.00000,0.00000,맛집-카페 탐방,등산 직접 하기,음악-라디오 감상,걷기-속보-조깅 직접 하기,산책-걷기
53328745,20240508,M,30대,대구광역시,300이상500만원 미만,자기만족-즐거움을 위해,마음의 안정-휴식을 위해,1,4,50.00000,0.00000,30.00000,20.00000,0.00000,친구-이성친구 만남,헬스-보디빌딩 직접 하기,맛집-카페 탐방,없음,없음
53328928,20240508,F,30대,경기도,500이상700만원 미만,가족-지인 등과 시간을 보내기 위해,마음의 안정-휴식을 위해,3,5,40.00000,10.00000,10.00000,40.00000,0.00000,소풍-피크닉,국내 여행,맛집-카페 탐방,가족-친지 만남,쇼핑
53329268,20240508,M,40대,충청남도,300이상500만원 미만,스트레스 해소를 위해,자기만족-즐거움을 위해,6,8,40.00000,0.00000,0.00000,30.00000,30.00000,영상 컨텐츠 시청,국내 여행,없음,없음,없음
53329528,20240508,M,40대,광주광역시,300이상500만원 미만,대인 관계-교제를 위해,자기만족-즐거움을 위해,1,4,20.00000,10.00000,30.00000,40.00000,0.00000,국내 프로스포츠 현장 관람,친구-이성친구 만남,드라이브,종교활동,골프 직접 하기
53329530,20240508,F,40대,경기도,300이상500만원 미만,가족-지인 등과 시간을 보내기 위해,마음의 안정-휴식을 위해,7,12,50.00000,10.00000,10.00000,30.00000,0.00000,맛집-카페 탐방,드라이브,걷기-속보-조깅 직접 하기,게임,SNS -인터넷 커뮤니티 활동
53329625,20240508,M,40대,인천광역시,300만원 미만,대인 관계-교제를 위해,스트레스 해소를 위해,2,2,80.00000,0.00000,10.00000,10.00000,0.00000,수다-잡담하기,없음,없음,없음,없음
53329674,20240508,M,40대,경기도,300이상500만원 미만,대인 관계-교제를 위해,남는 시간을 보내기 위해,2,2,100.00000,0.00000,0.00000,0.00000,0.00000,영상 컨텐츠 시청,걷기-속보-조깅 직접 하기,친구-이성친구 만남,없음,없음
53329684,20240508,F,30대,서울특별시,300이상500만원 미만,마음의 안정-휴식을 위해,자기만족-즐거움을 위해,2,8,70.00000,0.00000,0.00000,0.00000,30.00000,영상 컨텐츠 시청,만화책 보기,연극-뮤지컬 관람,국내 프로스포츠 영상 시청,음악-라디오 감상
53329874,20240508,M,50대,충청남도,500이상700만원 미만,마음의 안정-휴식을 위해,가족-지인 등과 시간을 보내기 위해,3,6,40.00000,20.00000,20.00000,20.00000,0.00000,드라이브,쇼핑,독서,음악-라디오 감상,산책-걷기
53329888,20240508,M,50대,인천광역시,700만원 이상,자기만족-즐거움을 위해,건강 관리를 위해,1,3,20.00000,10.00000,10.00000,20.00000,40.00000,친구-이성친구 만남,드라이브,국내 프로스포츠 영상 시청,쇼핑,음주-유흥
53329971,20240508,F,30대,부산광역시,300만원 미만,자기만족-즐거움을 위해,가족-지인 등과 시간을 보내기 위해,2,4,30.00000,20.00000,30.00000,20.00000,0.00000,만화책 보기,SNS -인터넷 커뮤니티 활동,음악-라디오 감상,생활공예-원예,쇼핑
53329988,20240508,M,30대,경기도,300만원 미만,자기 계발을 위해,남는 시간을 보내기 위해,4,4,20.00000,20.00000,60.00000,0.00000,0.00000,독서,어학-기술-자격증 취득,영상 컨텐츠 시청,걷기-속보-조깅 직접 하기,사진 촬영
53330329,20240508,M,40대,경상남도,300이상500만원 미만,가족-지인 등과 시간을 보내기 위해,스트레스 해소를 위해,3,16,50.00000,10.00000,0.00000,40.00000,0.00000,게임,국내 여행,없음,없음,없음
53330336,20240508,M,40대,경상북도,500이상700만원 미만,건강 관리를 위해,자기만족-즐거움을 위해,3,4,10.00000,90.00000,0.00000,0.00000,0.00000,골프 직접 하기,영상 컨텐츠 시청,없음,없음,없음
53330350,20240508,F,30대,부산광역시,300이상500만원 미만,마음의 안정-휴식을 위해,스트레스 해소를 위해,4,12,80.00000,0.00000,10.00000,10.00000,0.00000,헬스-보디빌딩 직접 하기,요가-필라테스 직접 하기,낮잠자기,영상 컨텐츠 시청,친구-이성친구 만남
53330755,20240508,F,50대,강원도,300만원 미만,가족-지인 등과 시간을 보내기 위해,없음,2,2,80.00000,0.00000,20.00000,0.00000,0.00000,보드게임-퍼즐-바둑-장기-체스 등,없음,없음,없음,없음
53330824,20240508,M,30대,경기도,300이상500만원 미만,가족-지인 등과 시간을 보내기 위해,자기만족-즐거움을 위해,2,5,50.00000,50.00000,0.00000,0.00000,0.00000,게임,만화책 보기,영화관 관람,산책-걷기,연극-뮤지컬 관람
53330827,20240508,F,30대,경기도,300이상500만원 미만,스트레스 해소를 위해,마음의 안정-휴식을 위해,8,16,80.00000,10.00000,0.00000,10.00000,0.00000,산책-걷기,영상 컨텐츠 시청,독서,없음,없음
53330911,20240508,M,60대,경기도,700만원 이상,스트레스 해소를 위해,자기만족-즐거움을 위해,5,8,30.00000,10.00000,20.00000,40.00000,0.00000,걷기-속보-조깅 직접 하기,맛집-카페 탐방,없음,없음,없음
53331149,20240508,F,40대,전라북도,300이상500만원 미만,자기만족-즐거움을 위해,마음의 안정-휴식을 위해,3,6,10.00000,30.00000,0.00000,60.00000,0.00000,수영 직접 하기,없음,없음,없음,없음
53331193,20240508,M,50대,경기도,700만원 이상,가족-지인 등과 시간을 보내기 위해,마음의 안정-휴식을 위해,1,4,30.00000,10.00000,0.00000,60.00000,0.00000,영화관 관람,쇼핑,국내 여행,낮잠자기,연극-뮤지컬 관람
53331279,20240508,F,40대,경기도,500이상700만원 미만,남는 시간을 보내기 위해,스트레스 해소를 위해,2,0,100.00000,0.00000,0.00000,0.00000,0.00000,쇼핑,영화관 관람,걷기-속보-조깅 직접 하기,수다-잡담하기,댄스스포츠 직접 하기
53331381,20240508,F,20대,대전광역시,300만원 미만,마음의 안정-휴식을 위해,스트레스 해소를 위해,10,10,80.00000,0.00000,20.00000,0.00000,0.00000,게임,독서,만화책 보기,영상 컨텐츠 시청,낮잠자기
53331390,20240508,M,30대,부산광역시,무응답,마음의 안정-휴식을 위해,자기만족-즐거움을 위해,2,4,50.00000,0.00000,0.00000,50.00000,0.00000,산책-걷기,기타 자기계발-자기관리,게임,없음,없음
53331466,20240508,M,60대,경기도,300만원 미만,건강 관리를 위해,스트레스 해소를 위해,2,5,50.00000,30.00000,10.00000,10.00000,0.00000,산책-걷기,없음,없음,없음,없음
53331550,20240508,M,30대,충청남도,500이상700만원 미만,건강 관리를 위해,가족-지인 등과 시간을 보내기 위해,3,12,50.00000,40.00000,0.00000,10.00000,0.00000,구기스포츠 직접 하기,영상 컨텐츠 시청,국내 프로스포츠 영상 시청,국내 여행,게임
53331704,20240508,F,60대,경상북도,500이상700만원 미만,마음의 안정-휴식을 위해,자기만족-즐거움을 위해,3,1,0.00000,50.00000,20.00000,30.00000,0.00000,독서,음악-라디오 감상,미술 직접 활동 및 수강하기,기타 자기계발-자기관리,종교활동
53331752,20240508,M,30대,울산광역시,300만원 미만,자기 계발을 위해,건강 관리를 위해,2,0,90.00000,0.00000,0.00000,10.00000,0.00000,온천-사우나-찜질방,없음,없음,없음,없음
53331812,20240508,F,60대,서울특별시,무응답,자기 계발을 위해,가족-지인 등과 시간을 보내기 위해,2,6,30.00000,0.00000,40.00000,30.00000,0.00000,산책-걷기,걷기-속보-조깅 직접 하기,골프 직접 하기,낮잠자기,신문-잡지보기
53331936,20240508,M,30대,경상남도,700만원 이상,건강 관리를 위해,마음의 안정-휴식을 위해,1,1,100.00000,0.00000,0.00000,0.00000,0.00000,게임,없음,없음,없음,없음
53331939,20240508,F,20대,부산광역시,300만원 미만,가족-지인 등과 시간을 보내기 위해,스트레스 해소를 위해,10,10,30.00000,20.00000,0.00000,50.00000,0.00000,영상 컨텐츠 시청,친구-이성친구 만남,산책-걷기,없음,없음
53332051,20240508,M,60대,인천광역시,500이상700만원 미만,남는 시간을 보내기 위해,마음의 안정-휴식을 위해,6,6,60.00000,5.00000,5.00000,30.00000,0.00000,게임,영상 컨텐츠 시청,산책-걷기,SNS -인터넷 커뮤니티 활동,기타 관광-여행
53332231,20240508,M,60대,대전광역시,300만원 미만,자기만족-즐거움을 위해,대인 관계-교제를 위해,3,7,40.00000,15.00000,15.00000,30.00000,0.00000,국내 프로스포츠 영상 시청,영화관 관람,가족-친지 만남,친구-이성친구 만남,산책-걷기
53332241,20240508,F,50대,경기도,300만원 미만,마음의 안정-휴식을 위해,가족-지인 등과 시간을 보내기 위해,2,8,30.00000,50.00000,20.00000,0.00000,0.00000,사진 직접 활동 및 수강하기,SNS -인터넷 커뮤니티 활동,사진 촬영,미술관-전시관 관람,음악 직접 활동 및 수강하기
53332366,20240508,F,50대,경기도,300이상500만원 미만,자기 계발을 위해,자기만족-즐거움을 위해,6,4,10.00000,5.00000,80.00000,5.00000,0.00000,독서,음악-라디오 감상,요리-베이킹,산책-걷기,맛집-카페 탐방
53332479,20240508,M,40대,경기도,300이상500만원 미만,대인 관계-교제를 위해,스트레스 해소를 위해,0,1,50.00000,0.00000,0.00000,50.00000,0.00000,구기스포츠 직접 하기,해외 프로스포츠 영상 시청,SNS -인터넷 커뮤니티 활동,없음,없음
53332646,20240508,M,60대,부산광역시,300이상500만원 미만,건강 관리를 위해,마음의 안정-휴식을 위해,10,10,0.00000,40.00000,20.00000,0.00000,40.00000,헬스-보디빌딩 직접 하기,영상 컨텐츠 시청,음주-유흥,볼링_ 당구-포켓볼 직접 하기,등산 직접 하기
53332799,20240508,F,30대,울산광역시,500이상700만원 미만,스트레스 해소를 위해,가족-지인 등과 시간을 보내기 위해,1,4,50.00000,20.00000,10.00000,20.00000,0.00000,산책-걷기,맛집-카페 탐방,요가-필라테스 직접 하기,영상 컨텐츠 시청,드라이브
53332836,20240508,M,40대,부산광역시,700만원 이상,마음의 안정-휴식을 위해,가족-지인 등과 시간을 보내기 위해,3,8,70.00000,0.00000,0.00000,30.00000,0.00000,쇼핑,가족-친지 만남,수다-잡담하기,드라이브,낮잠자기
53332869,20240508,F,60대,경기도,500이상700만원 미만,건강 관리를 위해,자기만족-즐거움을 위해,2,6,100.00000,0.00000,0.00000,0.00000,0.00000,산책-걷기,국내 프로스포츠 영상 시청,라켓스포츠 직접 하기,등산 직접 하기,국내 여행
53332916,20240508,M,40대,경상남도,700만원 이상,건강 관리를 위해,자기 계발을 위해,2,4,0.00000,50.00000,10.00000,40.00000,0.00000,소풍-피크닉,국내 여행,골프 직접 하기,테마파크-시설 방문,골프 영상 시청
53332946,20240508,F,40대,충청북도,300만원 미만,가족-지인 등과 시간을 보내기 위해,스트레스 해소를 위해,0,3,50.00000,0.00000,0.00000,50.00000,0.00000,맛집-카페 탐방,쇼핑,종교활동,친구-이성친구 만남,드라이브
53333061,20240508,M,30대,인천광역시,300만원 미만,가족-지인 등과 시간을 보내기 위해,자기만족-즐거움을 위해,3,10,80.00000,0.00000,0.00000,20.00000,0.00000,게임,만화책 보기,드라이브,맛집-카페 탐방,국내 여행
53333074,20240508,F,20대,경상북도,300만원 미만,자기만족-즐거움을 위해,스트레스 해소를 위해,5,12,100.00000,0.00000,0.00000,0.00000,0.00000,국내 여행,없음,없음,없음,없음
53333118,20240508,M,50대,부산광역시,300이상500만원 미만,건강 관리를 위해,대인 관계-교제를 위해,3,5,0.00000,0.00000,25.00000,75.00000,0.00000,사회봉사활동,가족-친지 만남,산책-걷기,없음,없음
53333234,20240508,M,60대,경기도,500이상700만원 미만,자기만족-즐거움을 위해,마음의 안정-휴식을 위해,1,2,20.00000,30.00000,20.00000,30.00000,0.00000,사진 촬영,걷기-속보-조깅 직접 하기,산책-걷기,생활공예-원예,미술관-전시관 관람
53333281,20240508,F,20대,경기도,500이상700만원 미만,건강 관리를 위해,자기만족-즐거움을 위해,4,12,90.00000,5.00000,0.00000,5.00000,0.00000,헬스-보디빌딩 직접 하기,SNS -인터넷 커뮤니티 활동,영상 컨텐츠 시청,요리-베이킹,기타 자기계발-자기관리
53333288,20240508,F,40대,충청남도,500이상700만원 미만,가족-지인 등과 시간을 보내기 위해,마음의 안정-휴식을 위해,2,14,70.00000,5.00000,5.00000,20.00000,0.00000,국내 여행,게임,연극-뮤지컬 관람,없음,없음
53333329,20240508,M,60대,전라북도,500이상700만원 미만,스트레스 해소를 위해,자기만족-즐거움을 위해,2,4,60.00000,0.00000,0.00000,40.00000,0.00000,드라이브,게임,영화관 관람,음주-유흥,낚시
53333701,20240508,F,50대,서울특별시,300이상500만원 미만,자기만족-즐거움을 위해,마음의 안정-휴식을 위해,4,3,70.00000,10.00000,0.00000,20.00000,0.00000,영상 컨텐츠 시청,종교활동,가족-친지 만남,영화관 관람,산책-걷기
53333811,20240508,F,40대,경상남도,300이상500만원 미만,자기 계발을 위해,자기만족-즐거움을 위해,5,10,10.00000,10.00000,50.00000,30.00000,0.00000,독서,라켓스포츠 직접 하기,친구-이성친구 만남,없음,없음
53334093,20240508,M,40대,경기도,700만원 이상,가족-지인 등과 시간을 보내기 위해,없음,4,8,40.00000,50.00000,0.00000,10.00000,0.00000,골프 직접 하기,없음,없음,없음,없음
53334156,20240508,M,20대,서울특별시,무응답,건강 관리를 위해,없음,1,0,100.00000,0.00000,0.00000,0.00000,0.00000,맛집-카페 탐방,없음,없음,없음,없음
53334608,20240508,F,20대,경상남도,300만원 미만,자기만족-즐거움을 위해,남는 시간을 보내기 위해,2,6,70.00000,10.00000,0.00000,20.00000,0.00000,영상 컨텐츠 시청,친구-이성친구 만남,가족-친지 만남,SNS -인터넷 커뮤니티 활동,산책-걷기
53334632,20240508,M,30대,서울특별시,300이상500만원 미만,마음의 안정-휴식을 위해,건강 관리를 위해,7,15,20.00000,40.00000,10.00000,30.00000,0.00000,사진 직접 활동 및 수강하기,사진 촬영,SNS -인터넷 커뮤니티 활동,영상 컨텐츠 시청,인테리어
53334890,20240508,M,40대,인천광역시,300이상500만원 미만,마음의 안정-휴식을 위해,없음,4,4,80.00000,20.00000,0.00000,0.00000,0.00000,해외 프로스포츠 영상 시청,없음,없음,없음,없음
53334898,20240508,F,40대,경기도,300이상500만원 미만,마음의 안정-휴식을 위해,남는 시간을 보내기 위해,2,4,100.00000,0.00000,0.00000,0.00000,0.00000,음악-라디오 감상,낮잠자기,수다-잡담하기,쇼핑,영상 컨텐츠 시청
53335072,20240508,M,40대,경기도,700만원 이상,자기만족-즐거움을 위해,마음의 안정-휴식을 위해,2,2,50.00000,0.00000,0.00000,0.00000,50.00000,박물관 관람,없음,없음,없음,없음
53335163,20240508,M,50대,강원도,500이상700만원 미만,자기만족-즐거움을 위해,마음의 안정-휴식을 위해,5,5,40.00000,40.00000,10.00000,10.00000,0.00000,등산 직접 하기,음악-라디오 감상,영상 컨텐츠 시청,걷기-속보-조깅 직접 하기,국내 여행
53335169,20240508,F,60대,서울특별시,500이상700만원 미만,자기만족-즐거움을 위해,마음의 안정-휴식을 위해,6,7,35.00000,15.00000,20.00000,30.00000,0.00000,요가-필라테스 직접 하기,산책-걷기,낮잠자기,영화관 관람,가족-친지 만남
53335501,20240508,F,20대,경상북도,700만원 이상,마음의 안정-휴식을 위해,자기만족-즐거움을 위해,2,5,70.00000,30.00000,0.00000,0.00000,0.00000,음악-라디오 감상,영상 컨텐츠 시청,쇼핑,국내 프로스포츠 영상 시청,산책-걷기
53335576,20240508,M,30대,강원도,300이상500만원 미만,대인 관계-교제를 위해,스트레스 해소를 위해,4,12,40.00000,10.00000,0.00000,50.00000,0.00000,친구-이성친구 만남,게임,맛집-카페 탐방,e스포츠 영상 시청,낮잠자기
53335586,20240508,F,60대,대전광역시,무응답,건강 관리를 위해,자기만족-즐거움을 위해,5,6,30.00000,40.00000,10.00000,20.00000,0.00000,수영 직접 하기,줄넘기-맨손체조-스트레칭 직접 하기,걷기-속보-조깅 직접 하기,계모임-동창회-사교모임,친구-이성친구 만남
53335796,20240508,M,40대,세종특별자치시,300이상500만원 미만,자기만족-즐거움을 위해,건강 관리를 위해,1,2,50.00000,20.00000,10.00000,20.00000,0.00000,갬블,헬스-보디빌딩 직접 하기,걷기-속보-조깅 직접 하기,영상 컨텐츠 시청,산책-걷기
53335881,20240508,M,30대,경기도,700만원 이상,자기만족-즐거움을 위해,마음의 안정-휴식을 위해,5,12,70.00000,10.00000,10.00000,10.00000,0.00000,걷기-속보-조깅 직접 하기,쇼핑,산책-걷기,맛집-카페 탐방,자전거-싸이클-산악자전거 직접 타기
53335885,20240508,F,40대,대구광역시,300이상500만원 미만,가족-지인 등과 시간을 보내기 위해,자기만족-즐거움을 위해,3,5,40.00000,20.00000,20.00000,20.00000,0.00000,걷기-속보-조깅 직접 하기,가족-친지 만남,수다-잡담하기,드라이브,맛집-카페 탐방
53335887,20240508,F,30대,서울특별시,500이상700만원 미만,마음의 안정-휴식을 위해,가족-지인 등과 시간을 보내기 위해,5,7,80.00000,0.00000,0.00000,20.00000,0.00000,영상 컨텐츠 시청,낮잠자기,산책-걷기,쇼핑,수다-잡담하기
53336096,20240508,M,30대,서울특별시,무응답,마음의 안정-휴식을 위해,스트레스 해소를 위해,3,8,50.00000,0.00000,30.00000,20.00000,0.00000,줄넘기-맨손체조-스트레칭 직접 하기,수다-잡담하기,영상 컨텐츠 시청,게임,만화책 보기
53336290,20240508,F,40대,전라남도,500이상700만원 미만,자기만족-즐거움을 위해,마음의 안정-휴식을 위해,10,10,50.00000,0.00000,0.00000,50.00000,0.00000,만화책 보기,영상 컨텐츠 시청,낮잠자기,맛집-카페 탐방,없음
53336323,20240508,F,50대,충청북도,700만원 이상,자기만족-즐거움을 위해,마음의 안정-휴식을 위해,1,2,50.00000,0.00000,0.00000,50.00000,0.00000,낮잠자기,골프 직접 하기,수영 직접 하기,없음,없음
53336454,20240508,M,50대,울산광역시,500이상700만원 미만,자기만족-즐거움을 위해,건강 관리를 위해,3,8,30.00000,20.00000,10.00000,40.00000,0.00000,골프 직접 하기,영상 컨텐츠 시청,음악 직접 활동 및 수강하기,없음,없음
53336543,20240508,F,60대,부산광역시,300만원 미만,자기 계발을 위해,마음의 안정-휴식을 위해,5,8,50.00000,50.00000,0.00000,0.00000,0.00000,국내 여행,산책-걷기,전통예술 직접 활동 및 수강하기,없음,없음
53336646,20240508,F,50대,서울특별시,300이상500만원 미만,마음의 안정-휴식을 위해,자기만족-즐거움을 위해,3,7,50.00000,10.00000,0.00000,40.00000,0.00000,낮잠자기,영상 컨텐츠 시청,국내 여행,영화관 관람,신문-잡지보기
53336664,20240508,M,40대,광주광역시,700만원 이상,자기만족-즐거움을 위해,마음의 안정-휴식을 위해,2,8,0.00000,20.00000,80.00000,0.00000,0.00000,독서,미술관-전시관 관람,신문-잡지보기,가족-친지 만남,친구-이성친구 만남
53336694,20240508,F,30대,경기도,300이상500만원 미만,남는 시간을 보내기 위해,마음의 안정-휴식을 위해,4,12,80.00000,10.00000,10.00000,0.00000,0.00000,독서,없음,없음,없음,없음
53336862,20240508,F,30대,경기도,300이상500만원 미만,마음의 안정-휴식을 위해,없음,2,5,80.00000,0.00000,0.00000,20.00000,0.00000,쇼핑,게임,음악-라디오 감상,영화관 관람,맛집-카페 탐방
53337041,20240508,F,60대,경상남도,300만원 미만,가족-지인 등과 시간을 보내기 위해,마음의 안정-휴식을 위해,5,4,70.00000,10.00000,10.00000,10.00000,0.00000,산책-걷기,요리-베이킹,국내 프로스포츠 영상 시청,쇼핑,가족-친지 만남
53337043,20240508,F,60대,부산광역시,300이상500만원 미만,대인 관계-교제를 위해,자기만족-즐거움을 위해,0,6,0.00000,80.00000,0.00000,20.00000,0.00000,종교활동,볼링_ 당구-포켓볼 직접 하기,기타 스포츠 영상-현장 관람,친구-이성친구 만남,계모임-동창회-사교모임
53337095,20240508,F,50대,광주광역시,700만원 이상,자기 계발을 위해,건강 관리를 위해,5,3,30.00000,0.00000,50.00000,20.00000,0.00000,기타 자기계발-자기관리,반려동물 돌보기,요가-필라테스 직접 하기,맛집-카페 탐방,영상 컨텐츠 제작
53337129,20240508,M,50대,경기도,300만원 미만,자기만족-즐거움을 위해,대인 관계-교제를 위해,3,5,50.00000,20.00000,20.00000,0.00000,10.00000,국내 여행,종교활동,계모임-동창회-사교모임,음주-유흥,영상 컨텐츠 제작
53337188,20240508,F,60대,대구광역시,500이상700만원 미만,마음의 안정-휴식을 위해,자기만족-즐거움을 위해,5,3,60.00000,10.00000,10.00000,20.00000,0.00000,산책-걷기,낮잠자기,쇼핑,영상 컨텐츠 시청,없음
53337411,20240508,F,60대,경기도,300만원 미만,가족-지인 등과 시간을 보내기 위해,스트레스 해소를 위해,3,4,30.00000,10.00000,20.00000,30.00000,10.00000,쇼핑,온천-사우나-찜질방,친구-이성친구 만남,없음,없음
53337434,20240508,F,60대,충청북도,300만원 미만,마음의 안정-휴식을 위해,스트레스 해소를 위해,2,2,100.00000,0.00000,0.00000,0.00000,0.00000,국내 여행,없음,없음,없음,없음
53337479,20240508,F,20대,전라북도,300이상500만원 미만,스트레스 해소를 위해,자기만족-즐거움을 위해,3,10,80.00000,0.00000,10.00000,10.00000,0.00000,음악-라디오 감상,쇼핑,낮잠자기,보드게임-퍼즐-바둑-장기-체스 등,게임
53337575,20240508,M,60대,경기도,300이상500만원 미만,마음의 안정-휴식을 위해,자기 계발을 위해,4,10,20.00000,0.00000,60.00000,10.00000,10.00000,독서,신문-잡지보기,영상 컨텐츠 시청,없음,없음
53337670,20240508,F,50대,경기도,500이상700만원 미만,건강 관리를 위해,자기 계발을 위해,2,1,40.00000,20.00000,20.00000,20.00000,0.00000,수다-잡담하기,가족-친지 만남,쇼핑,기타 취미-오락-휴식,기타 자기계발-자기관리
53337689,20240508,F,50대,전라북도,300만원 미만,마음의 안정-휴식을 위해,가족-지인 등과 시간을 보내기 위해,2,6,60.00000,0.00000,30.00000,10.00000,0.00000,영상 컨텐츠 시청,요가-필라테스 직접 하기,요리-베이킹,쇼핑,없음
53337721,20240508,M,50대,경상북도,500이상700만원 미만,마음의 안정-휴식을 위해,없음,2,2,80.00000,0.00000,20.00000,0.00000,0.00000,맛집-카페 탐방,음주-유흥,골프 직접 하기,친구-이성친구 만남,영화관 관람
53337821,20240508,F,20대,부산광역시,300만원 미만,마음의 안정-휴식을 위해,없음,1,3,50.00000,5.00000,0.00000,45.00000,0.00000,게임,친구-이성친구 만남,쇼핑,영상 컨텐츠 시청,음악-라디오 감상
53337837,20240508,F,20대,경상북도,700만원 이상,마음의 안정-휴식을 위해,스트레스 해소를 위해,3,5,30.00000,40.00000,10.00000,20.00000,0.00000,걷기-속보-조깅 직접 하기,수다-잡담하기,음악-라디오 감상,반려동물 돌보기,영상 컨텐츠 시청
53337851,20240508,M,40대,경상북도,300만원 미만,마음의 안정-휴식을 위해,건강 관리를 위해,5,8,70.00000,20.00000,5.00000,5.00000,0.00000,영상 컨텐츠 시청,해외 프로스포츠 영상 시청,국내 프로스포츠 영상 시청,음악-라디오 감상,낮잠자기
53337871,20240508,M,60대,서울특별시,300이상500만원 미만,스트레스 해소를 위해,자기 계발을 위해,4,0,50.00000,0.00000,0.00000,50.00000,0.00000,걷기-속보-조깅 직접 하기,해외 프로스포츠 영상 시청,산책-걷기,없음,없음
53338016,20240508,F,60대,전라북도,300만원 미만,자기 계발을 위해,없음,8,8,10.00000,0.00000,50.00000,40.00000,0.00000,걷기-속보-조깅 직접 하기,미술관-전시관 관람,수다-잡담하기,생활공예-원예,드라이브
53338024,20240508,M,30대,대구광역시,300이상500만원 미만,스트레스 해소를 위해,자기만족-즐거움을 위해,3,8,70.00000,20.00000,0.00000,10.00000,0.00000,영상 컨텐츠 시청,산책-걷기,영화관 관람,해외 프로스포츠 영상 시청,쇼핑
53338236,20240508,M,30대,서울특별시,300이상500만원 미만,마음의 안정-휴식을 위해,없음,1,5,100.00000,0.00000,0.00000,0.00000,0.00000,쇼핑,영상 컨텐츠 시청,영화관 관람,없음,없음
53338336,20240508,F,60대,경기도,300만원 미만,대인 관계-교제를 위해,마음의 안정-휴식을 위해,6,8,80.00000,0.00000,0.00000,20.00000,0.00000,걷기-속보-조깅 직접 하기,없음,없음,없음,없음
53338416,20240508,F,40대,경상남도,700만원 이상,가족-지인 등과 시간을 보내기 위해,자기만족-즐거움을 위해,2,5,40.00000,0.00000,0.00000,60.00000,0.00000,수영 직접 하기,미술 직접 활동 및 수강하기,만화책 보기,없음,없음
53338460,20240508,F,40대,경기도,무응답,가족-지인 등과 시간을 보내기 위해,마음의 안정-휴식을 위해,3,8,80.00000,20.00000,0.00000,0.00000,0.00000,걷기-속보-조깅 직접 하기,낮잠자기,음악-라디오 감상,산책-걷기,영화관 관람
53338490,20240508,F,50대,전라남도,300이상500만원 미만,자기만족-즐거움을 위해,마음의 안정-휴식을 위해,2,5,30.00000,30.00000,20.00000,20.00000,0.00000,걷기-속보-조깅 직접 하기,온천-사우나-찜질방,산책-걷기,가족-친지 만남,독서
53338640,20240508,F,30대,인천광역시,300이상500만원 미만,대인 관계-교제를 위해,스트레스 해소를 위해,3,12,50.00000,0.00000,0.00000,50.00000,0.00000,어학-기술-자격증 취득,국내 여행,영화관 관람,없음,없음
53338769,20240508,F,50대,경기도,300만원 미만,가족-지인 등과 시간을 보내기 위해,마음의 안정-휴식을 위해,0,12,50.00000,0.00000,0.00000,50.00000,0.00000,맛집-카페 탐방,계모임-동창회-사교모임,산책-걷기,영화관 관람,없음
53338833,20240508,F,60대,서울특별시,300이상500만원 미만,자기만족-즐거움을 위해,자기 계발을 위해,3,5,95.00000,0.00000,0.00000,5.00000,0.00000,기타 자기계발-자기관리,없음,없음,없음,없음
53338872,20240508,F,40대,경기도,300이상500만원 미만,자기만족-즐거움을 위해,가족-지인 등과 시간을 보내기 위해,2,1,30.00000,50.00000,10.00000,10.00000,0.00000,영화관 관람,등산 직접 하기,걷기-속보-조깅 직접 하기,맛집-카페 탐방,산책-걷기
53338893,20240508,F,60대,대구광역시,700만원 이상,건강 관리를 위해,자기만족-즐거움을 위해,5,10,30.00000,50.00000,10.00000,10.00000,0.00000,수영 직접 하기,요가-필라테스 직접 하기,골프 직접 하기,가족-친지 만남,계모임-동창회-사교모임
53339012,20240508,M,30대,울산광역시,500이상700만원 미만,스트레스 해소를 위해,가족-지인 등과 시간을 보내기 위해,2,5,100.00000,0.00000,0.00000,0.00000,0.00000,해외여행,없음,없음,없음,없음
53339093,20240508,F,50대,경상남도,700만원 이상,가족-지인 등과 시간을 보내기 위해,스트레스 해소를 위해,0,3,20.00000,0.00000,10.00000,30.00000,40.00000,산책-걷기,없음,없음,없음,없음
53339102,20240508,F,30대,인천광역시,무응답,자기만족-즐거움을 위해,가족-지인 등과 시간을 보내기 위해,1,5,40.00000,5.00000,45.00000,10.00000,0.00000,독서,문학 행사 관람,수다-잡담하기,없음,없음
53339154,20240508,F,30대,강원도,300이상500만원 미만,마음의 안정-휴식을 위해,자기 계발을 위해,3,3,30.00000,20.00000,20.00000,30.00000,0.00000,걷기-속보-조깅 직접 하기,가족-친지 만남,친구-이성친구 만남,박물관 관람,국내 여행
53339208,20240508,F,20대,경기도,300만원 미만,마음의 안정-휴식을 위해,건강 관리를 위해,3,6,70.00000,10.00000,0.00000,20.00000,0.00000,영상 컨텐츠 시청,친구-이성친구 만남,수집,없음,없음
53339271,20240508,F,40대,경상남도,500이상700만원 미만,건강 관리를 위해,자기만족-즐거움을 위해,3,5,20.00000,10.00000,10.00000,60.00000,0.00000,요리-베이킹,사진 촬영,영화관 관람,없음,없음
53339291,20240508,M,40대,경기도,300만원 미만,자기만족-즐거움을 위해,마음의 안정-휴식을 위해,4,7,60.00000,20.00000,10.00000,10.00000,0.00000,해외여행,국내 여행,자전거-싸이클-산악자전거 직접 타기,등산 직접 하기,없음
53339320,20240508,F,20대,부산광역시,무응답,스트레스 해소를 위해,자기만족-즐거움을 위해,4,12,50.00000,20.00000,0.00000,30.00000,0.00000,음악 공연 관람,없음,없음,없음,없음
53339514,20240508,M,30대,서울특별시,300이상500만원 미만,건강 관리를 위해,자기만족-즐거움을 위해,4,6,10.00000,45.00000,45.00000,0.00000,0.00000,헬스-보디빌딩 직접 하기,독서,낮잠자기,요리-베이킹,걷기-속보-조깅 직접 하기
53339575,20240508,F,30대,경기도,500이상700만원 미만,자기 계발을 위해,자기만족-즐거움을 위해,1,3,50.00000,20.00000,10.00000,20.00000,0.00000,골프 직접 하기,걷기-속보-조깅 직접 하기,쇼핑,영화관 관람,온천-사우나-찜질방
53339586,20240508,F,50대,서울특별시,500이상700만원 미만,마음의 안정-휴식을 위해,스트레스 해소를 위해,2,2,20.00000,40.00000,20.00000,20.00000,0.00000,미술관-전시관 관람,해외여행,산책-걷기,격투 스포츠 영상 시청,없음
53339653,20240508,M,30대,충청북도,500이상700만원 미만,스트레스 해소를 위해,자기만족-즐거움을 위해,2,6,60.00000,10.00000,10.00000,20.00000,0.00000,국내 프로스포츠 현장 관람,없음,없음,없음,없음
53339735,20240508,M,40대,광주광역시,300이상500만원 미만,가족-지인 등과 시간을 보내기 위해,마음의 안정-휴식을 위해,1,1,100.00000,0.00000,0.00000,0.00000,0.00000,낮잠자기,없음,없음,없음,없음
53339844,20240508,M,50대,경기도,500이상700만원 미만,마음의 안정-휴식을 위해,남는 시간을 보내기 위해,2,3,60.00000,0.00000,40.00000,0.00000,0.00000,국내 프로스포츠 영상 시청,맛집-카페 탐방,영화관 관람,없음,없음
53339867,20240508,F,30대,경기도,300이상500만원 미만,마음의 안정-휴식을 위해,자기만족-즐거움을 위해,3,7,10.00000,70.00000,0.00000,20.00000,0.00000,테마파크-시설 방문,국내 여행,기타 관광-여행,해외여행,미술관-전시관 관람
53339915,20240508,F,60대,경기도,300만원 미만,자기만족-즐거움을 위해,마음의 안정-휴식을 위해,2,4,20.00000,10.00000,20.00000,50.00000,0.00000,축제 참가,드라이브,연극-뮤지컬 관람,온천-사우나-찜질방,국내 프로스포츠 영상 시청
53340088,20240508,F,40대,경기도,300이상500만원 미만,가족-지인 등과 시간을 보내기 위해,자기만족-즐거움을 위해,1,4,0.00000,50.00000,0.00000,50.00000,0.00000,영화관 관람,가족-친지 만남,국내 여행,산책-걷기,반려동물 돌보기
53340175,20240508,F,60대,경기도,300이상500만원 미만,마음의 안정-휴식을 위해,건강 관리를 위해,3,4,60.00000,0.00000,20.00000,20.00000,0.00000,종교활동,독서,산책-걷기,영화관 관람,쇼핑
53340176,20240508,F,40대,대전광역시,700만원 이상,마음의 안정-휴식을 위해,스트레스 해소를 위해,1,6,50.00000,0.00000,50.00000,0.00000,0.00000,만화책 보기,쇼핑,게임,없음,없음
53340205,20240508,M,60대,충청북도,300이상500만원 미만,자기 계발을 위해,건강 관리를 위해,8,8,30.00000,30.00000,30.00000,10.00000,0.00000,게임,없음,없음,없음,없음
53340262,20240508,M,60대,경기도,300이상500만원 미만,스트레스 해소를 위해,가족-지인 등과 시간을 보내기 위해,3,8,80.00000,0.00000,0.00000,20.00000,0.00000,골프 영상 시청,해외 프로스포츠 영상 시청,영화관 관람,산책-걷기,국내 여행
53340452,20240508,F,60대,충청북도,300만원 미만,스트레스 해소를 위해,자기만족-즐거움을 위해,1,1,0.00000,50.00000,0.00000,50.00000,0.00000,종교활동,수영 직접 하기,없음,없음,없음
53340576,20240508,M,50대,대구광역시,500이상700만원 미만,자기만족-즐거움을 위해,마음의 안정-휴식을 위해,1,6,40.00000,10.00000,10.00000,40.00000,0.00000,국내 여행,걷기-속보-조깅 직접 하기,산책-걷기,가족-친지 만남,볼링_ 당구-포켓볼 직접 하기
53340967,20240508,M,30대,서울특별시,300만원 미만,마음의 안정-휴식을 위해,자기만족-즐거움을 위해,10,10,50.00000,0.00000,0.00000,50.00000,0.00000,만화책 보기,없음,없음,없음,없음
53341000,20240508,M,60대,강원도,300만원 미만,마음의 안정-휴식을 위해,자기만족-즐거움을 위해,2,4,10.00000,10.00000,10.00000,70.00000,0.00000,계모임-동창회-사교모임,신문-잡지보기,골프 영상 시청,국내 여행,음악-라디오 감상
53341011,20240508,F,30대,서울특별시,500이상700만원 미만,건강 관리를 위해,마음의 안정-휴식을 위해,1,6,60.00000,0.00000,20.00000,20.00000,0.00000,요가-필라테스 직접 하기,만화책 보기,산책-걷기,걷기-속보-조깅 직접 하기,독서
53341133,20240508,F,50대,광주광역시,300이상500만원 미만,자기 계발을 위해,가족-지인 등과 시간을 보내기 위해,4,3,10.00000,0.00000,50.00000,40.00000,0.00000,독서,신문-잡지보기,문학 직접 활동 및 수강하기,문학 행사 관람,가족-친지 만남
53341201,20240508,F,40대,서울특별시,300이상500만원 미만,대인 관계-교제를 위해,건강 관리를 위해,1,1,80.00000,0.00000,20.00000,0.00000,0.00000,드라이브,없음,없음,없음,없음
53341203,20240508,M,60대,강원도,500이상700만원 미만,마음의 안정-휴식을 위해,대인 관계-교제를 위해,3,8,50.00000,0.00000,0.00000,50.00000,0.00000,영화관 관람,종교활동,음주-유흥,없음,없음
53341369,20240508,F,20대,제주특별자치도,700만원 이상,대인 관계-교제를 위해,가족-지인 등과 시간을 보내기 위해,1,3,70.00000,0.00000,0.00000,30.00000,0.00000,친구-이성친구 만남,맛집-카페 탐방,가족-친지 만남,수다-잡담하기,쇼핑
53341546,20240508,M,40대,인천광역시,300이상500만원 미만,스트레스 해소를 위해,마음의 안정-휴식을 위해,3,8,80.00000,10.00000,10.00000,0.00000,0.00000,영상 컨텐츠 시청,낮잠자기,게임,영화관 관람,만화책 보기
53341556,20240508,F,60대,경기도,700만원 이상,건강 관리를 위해,자기만족-즐거움을 위해,4,5,10.00000,50.00000,10.00000,30.00000,0.00000,등산 직접 하기,산책-걷기,친구-이성친구 만남,계모임-동창회-사교모임,반려동물 돌보기
53341744,20240508,M,30대,대전광역시,300이상500만원 미만,가족-지인 등과 시간을 보내기 위해,스트레스 해소를 위해,4,2,90.00000,0.00000,0.00000,10.00000,0.00000,게임,없음,없음,없음,없음
53341747,20240508,M,60대,대구광역시,300만원 미만,건강 관리를 위해,스트레스 해소를 위해,4,12,20.00000,80.00000,0.00000,0.00000,0.00000,온천-사우나-찜질방,자전거-싸이클-산악자전거 직접 타기,등산 직접 하기,음악-라디오 감상,없음
53341766,20240508,M,50대,대전광역시,무응답,가족-지인 등과 시간을 보내기 위해,건강 관리를 위해,3,6,80.00000,10.00000,10.00000,0.00000,0.00000,가족-친지 만남,국내 여행,소풍-피크닉,없음,없음
53341832,20240508,M,50대,제주특별자치도,500이상700만원 미만,가족-지인 등과 시간을 보내기 위해,자기만족-즐거움을 위해,1,3,60.00000,20.00000,10.00000,10.00000,0.00000,골프 직접 하기,없음,없음,없음,없음
53341839,20240508,M,40대,대전광역시,300이상500만원 미만,마음의 안정-휴식을 위해,스트레스 해소를 위해,2,5,100.00000,0.00000,0.00000,0.00000,0.00000,음주-유흥,영상 컨텐츠 시청,낮잠자기,온천-사우나-찜질방,국내 여행
53341858,20240508,F,20대,전라북도,300만원 미만,스트레스 해소를 위해,마음의 안정-휴식을 위해,4,10,80.00000,0.00000,0.00000,20.00000,0.00000,영상 컨텐츠 시청,음악-라디오 감상,쇼핑,맛집-카페 탐방,낮잠자기
53341948,20240508,F,60대,인천광역시,300만원 미만,건강 관리를 위해,마음의 안정-휴식을 위해,5,2,30.00000,40.00000,20.00000,10.00000,0.00000,액티비티-체험,해외여행,수영 직접 하기,볼링_ 당구-포켓볼 직접 하기,없음
53341964,20240508,F,40대,경기도,300만원 미만,가족-지인 등과 시간을 보내기 위해,자기 계발을 위해,2,1,10.00000,0.00000,10.00000,80.00000,0.00000,종교활동,가족-친지 만남,독서,걷기-속보-조깅 직접 하기,없음
53342032,20240508,M,40대,서울특별시,700만원 이상,스트레스 해소를 위해,가족-지인 등과 시간을 보내기 위해,1,2,0.00000,50.00000,50.00000,0.00000,0.00000,라켓스포츠 직접 하기,구기스포츠 직접 하기,골프 직접 하기,없음,없음
53342055,20240508,F,40대,대전광역시,300이상500만원 미만,자기만족-즐거움을 위해,마음의 안정-휴식을 위해,1,5,50.00000,0.00000,0.00000,50.00000,0.00000,종교활동,영상 컨텐츠 시청,가족-친지 만남,낮잠자기,음악-라디오 감상
53342492,20240508,F,60대,경상남도,500이상700만원 미만,가족-지인 등과 시간을 보내기 위해,자기 계발을 위해,6,7,0.00000,0.00000,0.00000,100.00000,0.00000,줄넘기-맨손체조-스트레칭 직접 하기,국내 여행,테마파크-시설 방문,사회봉사활동,생활공예-원예
53342557,20240508,F,20대,전라남도,무응답,자기만족-즐거움을 위해,마음의 안정-휴식을 위해,5,7,100.00000,0.00000,0.00000,0.00000,0.00000,영상 컨텐츠 시청,만화책 보기,쇼핑,게임,없음
53342858,20240508,F,40대,충청북도,무응답,가족-지인 등과 시간을 보내기 위해,마음의 안정-휴식을 위해,2,1,70.00000,10.00000,10.00000,10.00000,0.00000,걷기-속보-조깅 직접 하기,산책-걷기,낮잠자기,없음,없음
53342919,20240508,F,50대,충청남도,300이상500만원 미만,건강 관리를 위해,가족-지인 등과 시간을 보내기 위해,4,8,20.00000,30.00000,30.00000,20.00000,0.00000,연극-뮤지컬 관람,국내 여행,없음,없음,없음
53343134,20240508,F,50대,경상남도,500이상700만원 미만,자기 계발을 위해,마음의 안정-휴식을 위해,3,8,20.00000,0.00000,50.00000,30.00000,0.00000,영상 컨텐츠 시청,계모임-동창회-사교모임,친구-이성친구 만남,쇼핑,국내 여행
53343395,20240508,F,40대,인천광역시,500이상700만원 미만,가족-지인 등과 시간을 보내기 위해,마음의 안정-휴식을 위해,2,4,50.00000,10.00000,30.00000,10.00000,0.00000,신문-잡지보기,독서,SNS -인터넷 커뮤니티 활동,친구-이성친구 만남,없음
53343400,20240508,F,30대,경기도,300이상500만원 미만,대인 관계-교제를 위해,자기만족-즐거움을 위해,3,8,20.00000,10.00000,20.00000,50.00000,0.00000,어학-기술-자격증 취득,SNS -인터넷 커뮤니티 활동,영상 컨텐츠 시청,가족-친지 만남,만화책 보기
53343480,20240508,F,60대,경기도,300이상500만원 미만,건강 관리를 위해,마음의 안정-휴식을 위해,5,8,50.00000,0.00000,40.00000,10.00000,0.00000,줄넘기-맨손체조-스트레칭 직접 하기,헬스-보디빌딩 직접 하기,산책-걷기,가족-친지 만남,온천-사우나-찜질방
53343889,20240508,F,20대,서울특별시,무응답,자기만족-즐거움을 위해,스트레스 해소를 위해,2,4,20.00000,50.00000,20.00000,10.00000,0.00000,음악 공연 관람,미술관-전시관 관람,영화관 관람,없음,없음
53344072,20240508,F,20대,경기도,무응답,대인 관계-교제를 위해,스트레스 해소를 위해,4,8,40.00000,0.00000,0.00000,60.00000,0.00000,게임,음악-라디오 감상,영상 컨텐츠 시청,쇼핑,영화관 관람
53344153,20240508,F,30대,광주광역시,300이상500만원 미만,마음의 안정-휴식을 위해,건강 관리를 위해,3,7,20.00000,20.00000,30.00000,30.00000,0.00000,독서,헬스-보디빌딩 직접 하기,수영 직접 하기,수다-잡담하기,걷기-속보-조깅 직접 하기
53344488,20240508,M,30대,경상남도,300이상500만원 미만,자기만족-즐거움을 위해,없음,1,1,0.00000,100.00000,0.00000,0.00000,0.00000,골프 영상 시청,골프 직접 하기,없음,없음,없음
53344557,20240508,F,50대,경기도,500이상700만원 미만,자기만족-즐거움을 위해,건강 관리를 위해,3,2,10.00000,40.00000,40.00000,10.00000,0.00000,산책-걷기,SNS -인터넷 커뮤니티 활동,맛집-카페 탐방,없음,없음
53344575,20240508,M,60대,충청남도,300만원 미만,자기만족-즐거움을 위해,없음,3,18,20.00000,40.00000,20.00000,20.00000,0.00000,미술 직접 활동 및 수강하기,기타 스포츠 영상-현장 관람,헬스-보디빌딩 직접 하기,산책-걷기,볼링_ 당구-포켓볼 직접 하기
53344589,20240508,F,30대,충청남도,500이상700만원 미만,스트레스 해소를 위해,마음의 안정-휴식을 위해,1,1,0.00000,0.00000,0.00000,100.00000,0.00000,SNS -인터넷 커뮤니티 활동,가족-친지 만남,드라이브,맛집-카페 탐방,없음
53344638,20240508,F,40대,대구광역시,300이상500만원 미만,가족-지인 등과 시간을 보내기 위해,남는 시간을 보내기 위해,3,3,50.00000,50.00000,0.00000,0.00000,0.00000,인테리어,기타 문화예술 직접 활동 및 수강하기,등산 직접 하기,음악 공연 관람,없음
53344708,20240508,M,50대,충청남도,700만원 이상,가족-지인 등과 시간을 보내기 위해,스트레스 해소를 위해,4,2,50.00000,30.00000,20.00000,0.00000,0.00000,드라이브,국내 여행,국내 프로스포츠 영상 시청,낮잠자기,온천-사우나-찜질방
53344715,20240508,F,40대,경기도,700만원 이상,스트레스 해소를 위해,마음의 안정-휴식을 위해,1,3,60.00000,10.00000,10.00000,20.00000,0.00000,낮잠자기,수다-잡담하기,요리-베이킹,종교활동,친구-이성친구 만남
53344891,20240508,M,30대,부산광역시,300이상500만원 미만,마음의 안정-휴식을 위해,가족-지인 등과 시간을 보내기 위해,5,14,80.00000,0.00000,0.00000,20.00000,0.00000,기타 취미-오락-휴식,영상 컨텐츠 시청,만화책 보기,게임,쇼핑
53345284,20240508,F,30대,경기도,700만원 이상,마음의 안정-휴식을 위해,스트레스 해소를 위해,4,0,100.00000,0.00000,0.00000,0.00000,0.00000,드라이브,없음,없음,없음,없음
53345308,20240508,F,20대,서울특별시,300만원 미만,스트레스 해소를 위해,가족-지인 등과 시간을 보내기 위해,1,6,20.00000,20.00000,30.00000,30.00000,0.00000,독서,문학 직접 활동 및 수강하기,친구-이성친구 만남,SNS -인터넷 커뮤니티 활동,수다-잡담하기
53345386,20240508,M,60대,충청북도,300이상500만원 미만,자기만족-즐거움을 위해,없음,1,5,50.00000,30.00000,20.00000,0.00000,0.00000,드라이브,해외 프로스포츠 영상 시청,국내 여행,없음,없음
53345472,20240508,M,60대,전라북도,300만원 미만,가족-지인 등과 시간을 보내기 위해,마음의 안정-휴식을 위해,1,2,60.00000,0.00000,0.00000,40.00000,0.00000,산책-걷기,낮잠자기,낚시,없음,없음
53345663,20240508,M,60대,경상북도,300이상500만원 미만,자기만족-즐거움을 위해,마음의 안정-휴식을 위해,3,5,75.00000,5.00000,10.00000,10.00000,0.00000,걷기-속보-조깅 직접 하기,등산 직접 하기,쇼핑,독서,드라이브
53345934,20240508,F,50대,광주광역시,300이상500만원 미만,마음의 안정-휴식을 위해,자기만족-즐거움을 위해,2,8,90.00000,0.00000,0.00000,10.00000,0.00000,줄넘기-맨손체조-스트레칭 직접 하기,산책-걷기,사진 촬영,없음,없음
53346482,20240508,M,30대,경상북도,300이상500만원 미만,건강 관리를 위해,스트레스 해소를 위해,2,3,10.00000,70.00000,10.00000,10.00000,0.00000,만화책 보기,가족-친지 만남,구기스포츠 직접 하기,라켓스포츠 직접 하기,영상 컨텐츠 시청
53346512,20240508,F,50대,대구광역시,300만원 미만,자기만족-즐거움을 위해,없음,3,6,40.00000,0.00000,0.00000,60.00000,0.00000,SNS -인터넷 커뮤니티 활동,국내 프로스포츠 영상 시청,없음,없음,없음
53346530,20240508,F,30대,경상남도,700만원 이상,건강 관리를 위해,자기만족-즐거움을 위해,1,4,30.00000,30.00000,30.00000,10.00000,0.00000,산책-걷기,미술 직접 활동 및 수강하기,영상 컨텐츠 제작,맛집-카페 탐방,기타 자기계발-자기관리
53346593,20240508,F,30대,대구광역시,300만원 미만,스트레스 해소를 위해,자기 계발을 위해,14,14,20.00000,10.00000,20.00000,50.00000,0.00000,캠핑-차박,반려동물 돌보기,없음,없음,없음
53346717,20240508,F,30대,인천광역시,300이상500만원 미만,자기 계발을 위해,건강 관리를 위해,3,5,30.00000,30.00000,20.00000,20.00000,0.00000,영화관 관람,캠핑-차박,없음,없음,없음
53346881,20240508,M,40대,경기도,300만원 미만,건강 관리를 위해,자기만족-즐거움을 위해,3,8,40.00000,30.00000,30.00000,0.00000,0.00000,걷기-속보-조깅 직접 하기,게임,영상 컨텐츠 시청,산책-걷기,독서
53346928,20240508,F,20대,제주특별자치도,300만원 미만,가족-지인 등과 시간을 보내기 위해,자기만족-즐거움을 위해,5,8,80.00000,0.00000,0.00000,20.00000,0.00000,맛집-카페 탐방,테마파크-시설 방문,영상 컨텐츠 시청,음악-라디오 감상,쇼핑
53347202,20240508,M,40대,전라북도,300만원 미만,자기 계발을 위해,마음의 안정-휴식을 위해,1,3,0.00000,10.00000,40.00000,50.00000,0.00000,걷기-속보-조깅 직접 하기,수영 직접 하기,종교활동,가족-친지 만남,국내 여행
53347211,20240508,F,60대,부산광역시,700만원 이상,스트레스 해소를 위해,건강 관리를 위해,4,6,20.00000,20.00000,20.00000,40.00000,0.00000,종교활동,요가-필라테스 직접 하기,가족-친지 만남,국내 여행,걷기-속보-조깅 직접 하기
53347372,20240508,F,50대,울산광역시,700만원 이상,대인 관계-교제를 위해,건강 관리를 위해,4,6,20.00000,50.00000,0.00000,30.00000,0.00000,쇼핑,댄스스포츠 직접 하기,걷기-속보-조깅 직접 하기,산책-걷기,낮잠자기
53347385,20240508,F,50대,서울특별시,300이상500만원 미만,건강 관리를 위해,없음,1,2,0.00000,70.00000,0.00000,30.00000,0.00000,라켓스포츠 직접 하기,걷기-속보-조깅 직접 하기,국내 여행,음악-라디오 감상,종교활동
53347497,20240508,M,50대,강원도,300만원 미만,마음의 안정-휴식을 위해,스트레스 해소를 위해,5,10,100.00000,0.00000,0.00000,0.00000,0.00000,낮잠자기,없음,없음,없음,없음
53347644,20240508,M,50대,서울특별시,300만원 미만,가족-지인 등과 시간을 보내기 위해,없음,1,8,90.00000,0.00000,0.00000,10.00000,0.00000,게임,없음,없음,없음,없음
53347940,20240508,M,40대,대구광역시,500이상700만원 미만,가족-지인 등과 시간을 보내기 위해,건강 관리를 위해,3,8,40.00000,30.00000,10.00000,20.00000,0.00000,산책-걷기,가족-친지 만남,게임,음악-라디오 감상,수영 직접 하기
53348029,20240508,F,30대,전라남도,300만원 미만,자기만족-즐거움을 위해,남는 시간을 보내기 위해,2,2,50.00000,0.00000,30.00000,20.00000,0.00000,가족-친지 만남,독서,없음,없음,없음
53348066,20240508,M,40대,경기도,500이상700만원 미만,자기만족-즐거움을 위해,가족-지인 등과 시간을 보내기 위해,4,10,20.00000,20.00000,20.00000,40.00000,0.00000,게임,낮잠자기,해외여행,가족-친지 만남,없음
53348125,20240508,M,40대,부산광역시,300이상500만원 미만,스트레스 해소를 위해,마음의 안정-휴식을 위해,3,10,50.00000,20.00000,0.00000,30.00000,0.00000,줄넘기-맨손체조-스트레칭 직접 하기,영상 컨텐츠 시청,가족-친지 만남,친구-이성친구 만남,영화관 관람
53348155,20240508,M,30대,부산광역시,무응답,가족-지인 등과 시간을 보내기 위해,스트레스 해소를 위해,1,5,50.00000,50.00000,0.00000,0.00000,0.00000,쇼핑,없음,없음,없음,없음
53348422,20240508,F,30대,광주광역시,300만원 미만,건강 관리를 위해,가족-지인 등과 시간을 보내기 위해,0,1,40.00000,60.00000,0.00000,0.00000,0.00000,영상 컨텐츠 시청,줄넘기-맨손체조-스트레칭 직접 하기,쇼핑,걷기-속보-조깅 직접 하기,드라이브
53348765,20240508,M,50대,경기도,700만원 이상,자기 계발을 위해,건강 관리를 위해,3,8,80.00000,0.00000,10.00000,10.00000,0.00000,국내 여행,산책-걷기,국내 프로스포츠 영상 시청,독서,신문-잡지보기
53348771,20240508,F,50대,서울특별시,300만원 미만,마음의 안정-휴식을 위해,가족-지인 등과 시간을 보내기 위해,2,2,100.00000,0.00000,0.00000,0.00000,0.00000,음악-라디오 감상,쇼핑,산책-걷기,낮잠자기,없음
53348828,20240508,F,20대,충청남도,300만원 미만,자기만족-즐거움을 위해,마음의 안정-휴식을 위해,2,3,70.00000,0.00000,0.00000,30.00000,0.00000,산책-걷기,SNS -인터넷 커뮤니티 활동,걷기-속보-조깅 직접 하기,없음,없음
53348838,20240508,M,50대,경기도,무응답,대인 관계-교제를 위해,자기만족-즐거움을 위해,1,2,40.00000,10.00000,0.00000,50.00000,0.00000,친구-이성친구 만남,가족-친지 만남,걷기-속보-조깅 직접 하기,음주-유흥,산책-걷기
53349605,20240508,F,50대,서울특별시,700만원 이상,가족-지인 등과 시간을 보내기 위해,건강 관리를 위해,4,14,30.00000,30.00000,20.00000,20.00000,0.00000,종교활동,걷기-속보-조깅 직접 하기,독서,산책-걷기,요가-필라테스 직접 하기
53349672,20240508,F,20대,서울특별시,700만원 이상,자기만족-즐거움을 위해,마음의 안정-휴식을 위해,2,10,70.00000,0.00000,5.00000,25.00000,0.00000,SNS -인터넷 커뮤니티 활동,맛집-카페 탐방,친구-이성친구 만남,기타 취미-오락-휴식,헬스-보디빌딩 직접 하기
53349858,20240508,F,20대,인천광역시,무응답,자기만족-즐거움을 위해,남는 시간을 보내기 위해,6,4,60.00000,20.00000,10.00000,10.00000,0.00000,자전거-싸이클-산악자전거 직접 타기,맛집-카페 탐방,쇼핑,SNS -인터넷 커뮤니티 활동,요리-베이킹
53349936,20240508,M,40대,경기도,300만원 미만,자기 계발을 위해,건강 관리를 위해,2,4,25.00000,0.00000,70.00000,5.00000,0.00000,산책-걷기,자전거-싸이클-산악자전거 직접 타기,등산 직접 하기,줄넘기-맨손체조-스트레칭 직접 하기,어학-기술-자격증 취득
53350151,20240508,M,30대,강원도,300만원 미만,건강 관리를 위해,스트레스 해소를 위해,1,3,60.00000,20.00000,0.00000,10.00000,10.00000,영상 컨텐츠 시청,게임,산책-걷기,인테리어,쇼핑
53350180,20240508,F,60대,인천광역시,무응답,남는 시간을 보내기 위해,자기만족-즐거움을 위해,2,5,60.00000,10.00000,20.00000,10.00000,0.00000,신문-잡지보기,영상 컨텐츠 시청,산책-걷기,인테리어,사진 촬영
53350284,20240508,M,60대,전라북도,300이상500만원 미만,자기만족-즐거움을 위해,마음의 안정-휴식을 위해,3,2,30.00000,50.00000,0.00000,20.00000,0.00000,갬블,국내 프로스포츠 영상 시청,국내 여행,해외여행,낮잠자기
53350297,20240508,F,40대,서울특별시,300만원 미만,마음의 안정-휴식을 위해,없음,8,8,80.00000,0.00000,0.00000,20.00000,0.00000,영상 컨텐츠 시청,없음,없음,없음,없음
53350319,20240508,M,60대,경기도,300이상500만원 미만,대인 관계-교제를 위해,자기 계발을 위해,3,6,20.00000,60.00000,0.00000,20.00000,0.00000,국내 여행,등산 직접 하기,사진 직접 활동 및 수강하기,친구-이성친구 만남,자전거-싸이클-산악자전거 직접 타기
53350351,20240508,M,50대,경상남도,300이상500만원 미만,자기만족-즐거움을 위해,마음의 안정-휴식을 위해,3,14,10.00000,30.00000,30.00000,30.00000,0.00000,독서,SNS -인터넷 커뮤니티 활동,맛집-카페 탐방,기타 사회교류,음악-라디오 감상
53350418,20240508,M,50대,경기도,300이상500만원 미만,자기만족-즐거움을 위해,자기 계발을 위해,4,8,50.00000,0.00000,50.00000,0.00000,0.00000,해외여행,없음,없음,없음,없음
53350554,20240508,M,60대,인천광역시,300이상500만원 미만,건강 관리를 위해,대인 관계-교제를 위해,3,2,20.00000,40.00000,10.00000,30.00000,0.00000,국내 여행,가족-친지 만남,헬스-보디빌딩 직접 하기,낚시,낮잠자기
53350633,20240508,M,60대,울산광역시,700만원 이상,자기 계발을 위해,건강 관리를 위해,2,3,5.00000,30.00000,60.00000,5.00000,0.00000,어학-기술-자격증 취득,걷기-속보-조깅 직접 하기,자전거-싸이클-산악자전거 직접 타기,라켓스포츠 직접 하기,영화관 관람
53350747,20240508,F,50대,서울특별시,700만원 이상,마음의 안정-휴식을 위해,자기만족-즐거움을 위해,10,8,40.00000,20.00000,10.00000,30.00000,0.00000,낮잠자기,종교활동,영상 컨텐츠 시청,수다-잡담하기,가족-친지 만남
53350754,20240508,F,60대,대전광역시,500이상700만원 미만,자기만족-즐거움을 위해,자기 계발을 위해,4,2,20.00000,10.00000,20.00000,50.00000,0.00000,걷기-속보-조깅 직접 하기,영상 컨텐츠 시청,가족-친지 만남,반려동물 돌보기,맛집-카페 탐방
53350797,20240508,M,30대,경기도,700만원 이상,자기 계발을 위해,대인 관계-교제를 위해,6,14,20.00000,0.00000,40.00000,40.00000,0.00000,어학-기술-자격증 취득,해외여행,국내 여행,친구-이성친구 만남,게임
53350869,20240508,F,50대,울산광역시,300이상500만원 미만,마음의 안정-휴식을 위해,가족-지인 등과 시간을 보내기 위해,2,4,90.00000,0.00000,0.00000,10.00000,0.00000,계모임-동창회-사교모임,수다-잡담하기,낮잠자기,없음,없음
53350961,20240508,F,50대,경기도,700만원 이상,가족-지인 등과 시간을 보내기 위해,건강 관리를 위해,3,6,20.00000,20.00000,30.00000,30.00000,0.00000,종교활동,음악 공연 관람,영화관 관람,쇼핑,영상 컨텐츠 시청
53350986,20240508,F,50대,인천광역시,500이상700만원 미만,마음의 안정-휴식을 위해,건강 관리를 위해,1,3,70.00000,0.00000,20.00000,10.00000,0.00000,쇼핑,요가-필라테스 직접 하기,자전거-싸이클-산악자전거 직접 타기,생활공예-원예,영상 컨텐츠 시청
53351106,20240508,F,20대,광주광역시,300이상500만원 미만,자기만족-즐거움을 위해,마음의 안정-휴식을 위해,4,10,60.00000,5.00000,10.00000,25.00000,0.00000,영상 컨텐츠 시청,드라이브,음악-라디오 감상,SNS -인터넷 커뮤니티 활동,국내 프로스포츠 영상 시청
53351133,20240508,F,50대,충청북도,500이상700만원 미만,자기만족-즐거움을 위해,스트레스 해소를 위해,2,4,40.00000,10.00000,30.00000,20.00000,0.00000,수다-잡담하기,낮잠자기,드라이브,맛집-카페 탐방,국내 여행
53351178,20240508,F,40대,서울특별시,700만원 이상,마음의 안정-휴식을 위해,가족-지인 등과 시간을 보내기 위해,1,3,100.00000,0.00000,0.00000,0.00000,0.00000,영상 컨텐츠 시청,게임,쇼핑,요리-베이킹,산책-걷기
53351291,20240508,F,40대,경기도,300이상500만원 미만,가족-지인 등과 시간을 보내기 위해,자기만족-즐거움을 위해,1,4,60.00000,30.00000,0.00000,10.00000,0.00000,영상 컨텐츠 시청,SNS -인터넷 커뮤니티 활동,없음,없음,없음
53351384,20240508,F,30대,부산광역시,300만원 미만,마음의 안정-휴식을 위해,자기만족-즐거움을 위해,2,10,90.00000,0.00000,0.00000,10.00000,0.00000,영상 컨텐츠 시청,수다-잡담하기,쇼핑,맛집-카페 탐방,없음
53351409,20240508,F,20대,경기도,500이상700만원 미만,대인 관계-교제를 위해,마음의 안정-휴식을 위해,6,10,60.00000,0.00000,10.00000,30.00000,0.00000,해외 프로스포츠 영상 시청,SNS -인터넷 커뮤니티 활동,수다-잡담하기,없음,없음
53351428,20240508,M,50대,충청북도,300만원 미만,스트레스 해소를 위해,마음의 안정-휴식을 위해,12,12,99.00000,0.00000,0.00000,1.00000,0.00000,낮잠자기,음악-라디오 감상,영상 컨텐츠 시청,쇼핑,없음
53351614,20240508,F,30대,경상남도,500이상700만원 미만,가족-지인 등과 시간을 보내기 위해,마음의 안정-휴식을 위해,1,2,90.00000,0.00000,0.00000,10.00000,0.00000,국내 여행,없음,없음,없음,없음
53351891,20240508,F,60대,경기도,300이상500만원 미만,건강 관리를 위해,자기 계발을 위해,5,2,10.00000,20.00000,60.00000,10.00000,0.00000,드라이브,가족-친지 만남,수다-잡담하기,소풍-피크닉,어학-기술-자격증 취득
53351899,20240508,M,50대,경기도,300이상500만원 미만,마음의 안정-휴식을 위해,스트레스 해소를 위해,3,8,60.00000,20.00000,0.00000,20.00000,0.00000,산책-걷기,볼링_ 당구-포켓볼 직접 하기,음주-유흥,등산 직접 하기,없음
53351919,20240508,F,50대,경상북도,700만원 이상,자기만족-즐거움을 위해,건강 관리를 위해,1,8,35.00000,40.00000,15.00000,10.00000,0.00000,등산 직접 하기,낮잠자기,걷기-속보-조깅 직접 하기,사진 촬영,친구-이성친구 만남
53352003,20240508,M,50대,충청남도,500이상700만원 미만,자기만족-즐거움을 위해,마음의 안정-휴식을 위해,1,3,30.00000,20.00000,10.00000,40.00000,0.00000,소풍-피크닉,독서,국내 여행,종교활동,없음
53352278,20240508,M,60대,경기도,300만원 미만,건강 관리를 위해,자기 계발을 위해,1,0,0.00000,30.00000,30.00000,40.00000,0.00000,라켓스포츠 직접 하기,종교활동,독서,없음,없음
53352280,20240508,M,30대,경기도,500이상700만원 미만,가족-지인 등과 시간을 보내기 위해,자기만족-즐거움을 위해,1,1,80.00000,0.00000,0.00000,20.00000,0.00000,영상 컨텐츠 시청,영화관 관람,없음,없음,없음
53352339,20240508,F,60대,서울특별시,700만원 이상,건강 관리를 위해,자기만족-즐거움을 위해,2,1,50.00000,30.00000,10.00000,10.00000,0.00000,산책-걷기,걷기-속보-조깅 직접 하기,댄스스포츠 직접 하기,수다-잡담하기,반려동물 돌보기
53352407,20240508,M,50대,대전광역시,500이상700만원 미만,가족-지인 등과 시간을 보내기 위해,건강 관리를 위해,1,5,20.00000,20.00000,10.00000,50.00000,0.00000,국내 프로스포츠 현장 관람,산책-걷기,국내 프로스포츠 영상 시청,어학-기술-자격증 취득,독서
53352512,20240508,F,40대,전라북도,300만원 미만,남는 시간을 보내기 위해,자기만족-즐거움을 위해,1,0,70.00000,0.00000,0.00000,30.00000,0.00000,가족-친지 만남,영상 컨텐츠 시청,만화책 보기,테마파크-시설 방문,맛집-카페 탐방
53352515,20240508,M,40대,경상남도,500이상700만원 미만,자기만족-즐거움을 위해,가족-지인 등과 시간을 보내기 위해,3,4,50.00000,20.00000,0.00000,30.00000,0.00000,국내 프로스포츠 영상 시청,음주-유흥,구기스포츠 직접 하기,국내 여행,해외여행
53352730,20240508,F,20대,경상남도,300만원 미만,마음의 안정-휴식을 위해,대인 관계-교제를 위해,10,2,30.00000,30.00000,10.00000,30.00000,0.00000,친구-이성친구 만남,SNS -인터넷 커뮤니티 활동,영상 컨텐츠 시청,쇼핑,게임
53352804,20240508,F,40대,경상남도,300이상500만원 미만,자기만족-즐거움을 위해,가족-지인 등과 시간을 보내기 위해,3,2,50.00000,10.00000,20.00000,20.00000,0.00000,국내 여행,독서,문학 행사 관람,맛집-카페 탐방,가족-친지 만남
53352848,20240508,M,60대,충청남도,500이상700만원 미만,마음의 안정-휴식을 위해,가족-지인 등과 시간을 보내기 위해,4,8,70.00000,10.00000,10.00000,10.00000,0.00000,낮잠자기,국내 프로스포츠 영상 시청,영상 컨텐츠 시청,가족-친지 만남,없음
53352870,20240508,M,50대,전라남도,500이상700만원 미만,가족-지인 등과 시간을 보내기 위해,자기만족-즐거움을 위해,2,5,50.00000,10.00000,10.00000,20.00000,10.00000,만화책 보기,낮잠자기,영상 컨텐츠 시청,골프 직접 하기,없음
53352898,20240508,M,60대,부산광역시,300만원 미만,마음의 안정-휴식을 위해,건강 관리를 위해,3,3,10.00000,30.00000,50.00000,10.00000,0.00000,요리-베이킹,등산 직접 하기,캠핑-차박,없음,없음
53352977,20240508,M,60대,경기도,700만원 이상,건강 관리를 위해,가족-지인 등과 시간을 보내기 위해,3,8,0.00000,50.00000,0.00000,50.00000,0.00000,헬스-보디빌딩 직접 하기,등산 직접 하기,국내 프로스포츠 영상 시청,드라이브,걷기-속보-조깅 직접 하기
53353268,20240508,M,50대,경기도,300이상500만원 미만,남는 시간을 보내기 위해,자기만족-즐거움을 위해,2,10,30.00000,30.00000,10.00000,30.00000,0.00000,사진 촬영,산책-걷기,영화관 관람,맛집-카페 탐방,없음
53353325,20240508,M,50대,세종특별자치시,700만원 이상,대인 관계-교제를 위해,가족-지인 등과 시간을 보내기 위해,2,4,50.00000,5.00000,5.00000,40.00000,0.00000,영화관 관람,국내 여행,없음,없음,없음
53353385,20240508,F,60대,경기도,700만원 이상,자기만족-즐거움을 위해,마음의 안정-휴식을 위해,3,7,10.00000,40.00000,40.00000,10.00000,0.00000,드라이브,산책-걷기,독서,없음,없음
53353417,20240508,M,40대,세종특별자치시,500이상700만원 미만,스트레스 해소를 위해,없음,3,5,50.00000,0.00000,0.00000,50.00000,0.00000,연극-뮤지컬 관람,음주-유흥,없음,없음,없음
53353452,20240508,M,20대,경기도,700만원 이상,대인 관계-교제를 위해,자기만족-즐거움을 위해,2,3,100.00000,0.00000,0.00000,0.00000,0.00000,음악 직접 활동 및 수강하기,없음,없음,없음,없음
53353544,20240508,F,60대,충청남도,300이상500만원 미만,건강 관리를 위해,자기 계발을 위해,3,2,10.00000,20.00000,40.00000,20.00000,10.00000,종교활동,독서,헬스-보디빌딩 직접 하기,산책-걷기,음악-라디오 감상
53353611,20240508,F,50대,울산광역시,500이상700만원 미만,자기만족-즐거움을 위해,마음의 안정-휴식을 위해,2,8,100.00000,0.00000,0.00000,0.00000,0.00000,게임,영상 컨텐츠 시청,낮잠자기,산책-걷기,없음
53353799,20240508,M,50대,경상남도,300만원 미만,가족-지인 등과 시간을 보내기 위해,대인 관계-교제를 위해,1,8,10.00000,20.00000,5.00000,65.00000,0.00000,기타 문화예술 직접 활동 및 수강하기,없음,없음,없음,없음
53353855,20240508,F,60대,대구광역시,700만원 이상,자기 계발을 위해,자기만족-즐거움을 위해,4,6,0.00000,0.00000,30.00000,70.00000,0.00000,산책-걷기,사회봉사활동,종교활동,영상 컨텐츠 시청,국내 여행
53354135,20240508,M,40대,경상남도,300이상500만원 미만,마음의 안정-휴식을 위해,가족-지인 등과 시간을 보내기 위해,4,8,30.00000,0.00000,0.00000,50.00000,20.00000,온천-사우나-찜질방,드라이브,국내 여행,없음,없음
53354185,20240508,M,40대,광주광역시,700만원 이상,자기만족-즐거움을 위해,스트레스 해소를 위해,10,10,30.00000,30.00000,0.00000,40.00000,0.00000,등산 직접 하기,헬스-보디빌딩 직접 하기,산책-걷기,없음,없음
53354389,20240508,M,40대,인천광역시,500이상700만원 미만,가족-지인 등과 시간을 보내기 위해,건강 관리를 위해,2,5,20.00000,30.00000,15.00000,35.00000,0.00000,가족-친지 만남,친구-이성친구 만남,해외 프로스포츠 영상 시청,국내 프로스포츠 영상 시청,낮잠자기
53354450,20240508,F,60대,인천광역시,500이상700만원 미만,가족-지인 등과 시간을 보내기 위해,마음의 안정-휴식을 위해,3,6,40.00000,10.00000,40.00000,10.00000,0.00000,독서,걷기-속보-조깅 직접 하기,반려동물 돌보기,낮잠자기,SNS -인터넷 커뮤니티 활동
53354519,20240508,M,30대,경상북도,700만원 이상,스트레스 해소를 위해,건강 관리를 위해,2,3,30.00000,50.00000,10.00000,10.00000,0.00000,만화책 보기,맛집-카페 탐방,계모임-동창회-사교모임,헬스-보디빌딩 직접 하기,없음
53354715,20240508,F,30대,부산광역시,300이상500만원 미만,가족-지인 등과 시간을 보내기 위해,자기만족-즐거움을 위해,4,2,50.00000,10.00000,30.00000,10.00000,0.00000,쇼핑,드라이브,만화책 보기,테마파크-시설 방문,소풍-피크닉
53354726,20240508,M,40대,서울특별시,700만원 이상,가족-지인 등과 시간을 보내기 위해,자기만족-즐거움을 위해,2,10,40.00000,10.00000,10.00000,40.00000,0.00000,쇼핑,드라이브,SNS -인터넷 커뮤니티 활동,음악-라디오 감상,영상 컨텐츠 시청
53354914,20240508,M,50대,대전광역시,300만원 미만,스트레스 해소를 위해,대인 관계-교제를 위해,2,3,40.00000,50.00000,0.00000,10.00000,0.00000,영상 컨텐츠 시청,볼링_ 당구-포켓볼 직접 하기,없음,없음,없음
53354940,20240508,M,50대,부산광역시,500이상700만원 미만,스트레스 해소를 위해,건강 관리를 위해,1,4,60.00000,30.00000,0.00000,10.00000,0.00000,국내 여행,등산 직접 하기,낮잠자기,가족-친지 만남,라켓스포츠 직접 하기
53355231,20240508,M,40대,경기도,500이상700만원 미만,마음의 안정-휴식을 위해,스트레스 해소를 위해,1,2,10.00000,20.00000,0.00000,70.00000,0.00000,걷기-속보-조깅 직접 하기,산책-걷기,골프 직접 하기,없음,없음
53355250,20240508,M,30대,울산광역시,300이상500만원 미만,마음의 안정-휴식을 위해,가족-지인 등과 시간을 보내기 위해,3,6,30.00000,0.00000,10.00000,60.00000,0.00000,친구-이성친구 만남,영상 컨텐츠 시청,국내 여행,쇼핑,산책-걷기
53355356,20240508,F,40대,인천광역시,300이상500만원 미만,자기만족-즐거움을 위해,남는 시간을 보내기 위해,5,10,50.00000,20.00000,10.00000,20.00000,0.00000,음악 공연 관람,없음,없음,없음,없음
53355403,20240508,F,50대,부산광역시,300이상500만원 미만,스트레스 해소를 위해,마음의 안정-휴식을 위해,1,5,50.00000,0.00000,0.00000,0.00000,50.00000,드라이브,없음,없음,없음,없음
53355631,20240508,M,60대,세종특별자치시,300이상500만원 미만,자기만족-즐거움을 위해,마음의 안정-휴식을 위해,4,6,40.00000,30.00000,30.00000,0.00000,0.00000,수집,사진 직접 활동 및 수강하기,미술관-전시관 관람,문학 직접 활동 및 수강하기,영화관 관람
53355821,20240508,F,20대,서울특별시,300이상500만원 미만,가족-지인 등과 시간을 보내기 위해,대인 관계-교제를 위해,2,5,80.00000,0.00000,0.00000,20.00000,0.00000,낮잠자기,게임,기타 취미-오락-휴식,영상 컨텐츠 시청,영화관 관람
53355960,20240508,F,20대,대구광역시,300이상500만원 미만,자기만족-즐거움을 위해,스트레스 해소를 위해,4,3,95.00000,5.00000,0.00000,0.00000,0.00000,만화책 보기,맛집-카페 탐방,갬블,낮잠자기,산책-걷기
53356065,20240508,M,60대,광주광역시,300만원 미만,마음의 안정-휴식을 위해,자기만족-즐거움을 위해,2,4,0.00000,0.00000,0.00000,0.00000,100.00000,가족-친지 만남,사회봉사활동,수다-잡담하기,문학 직접 활동 및 수강하기,없음
53356083,20240508,F,50대,서울특별시,300이상500만원 미만,마음의 안정-휴식을 위해,없음,4,12,40.00000,40.00000,0.00000,20.00000,0.00000,미술관-전시관 관람,국내 여행,영화관 관람,드라이브,없음
53356200,20240508,M,50대,강원도,300만원 미만,건강 관리를 위해,마음의 안정-휴식을 위해,1,3,30.00000,0.00000,0.00000,0.00000,70.00000,축제 참가,기타 관광-여행,없음,없음,없음
53356333,20240508,F,30대,전라북도,300만원 미만,자기 계발을 위해,스트레스 해소를 위해,2,5,20.00000,10.00000,10.00000,60.00000,0.00000,수영 직접 하기,캠핑-차박,없음,없음,없음
53356440,20240508,F,60대,충청북도,700만원 이상,자기만족-즐거움을 위해,마음의 안정-휴식을 위해,3,1,40.00000,20.00000,10.00000,30.00000,0.00000,영상 컨텐츠 시청,골프 직접 하기,계모임-동창회-사교모임,산책-걷기,요가-필라테스 직접 하기
53356577,20240508,M,40대,경기도,700만원 이상,자기만족-즐거움을 위해,가족-지인 등과 시간을 보내기 위해,3,6,40.00000,40.00000,10.00000,10.00000,0.00000,게임,국내 프로스포츠 영상 시청,국내 프로스포츠 현장 관람,국내 여행,산책-걷기
53356631,20240508,M,50대,인천광역시,500이상700만원 미만,가족-지인 등과 시간을 보내기 위해,자기만족-즐거움을 위해,3,8,50.00000,5.00000,10.00000,35.00000,0.00000,해외여행,음주-유흥,없음,없음,없음
53356863,20240508,F,60대,대구광역시,300이상500만원 미만,건강 관리를 위해,가족-지인 등과 시간을 보내기 위해,5,0,30.00000,0.00000,40.00000,30.00000,0.00000,음악-라디오 감상,계모임-동창회-사교모임,기타 스포츠-운동 직접하기,종교활동,반려동물 돌보기
53356870,20240508,F,40대,경기도,300이상500만원 미만,가족-지인 등과 시간을 보내기 위해,건강 관리를 위해,3,7,50.00000,10.00000,10.00000,30.00000,0.00000,SNS -인터넷 커뮤니티 활동,만화책 보기,보드게임-퍼즐-바둑-장기-체스 등,줄넘기-맨손체조-스트레칭 직접 하기,가족-친지 만남
53356903,20240508,F,50대,경기도,700만원 이상,가족-지인 등과 시간을 보내기 위해,대인 관계-교제를 위해,10,3,60.00000,0.00000,0.00000,40.00000,0.00000,가족-친지 만남,게임,국내 여행,영화관 관람,없음
53357430,20240508,F,40대,대구광역시,300만원 미만,남는 시간을 보내기 위해,가족-지인 등과 시간을 보내기 위해,2,5,80.00000,20.00000,0.00000,0.00000,0.00000,낮잠자기,영상 컨텐츠 시청,골프 직접 하기,독서,테마파크-시설 방문
53357536,20240508,M,30대,충청북도,300만원 미만,스트레스 해소를 위해,없음,2,4,30.00000,30.00000,30.00000,10.00000,0.00000,국내 여행,사진 촬영,쇼핑,미술관-전시관 관람,신문-잡지보기
53357559,20240508,M,60대,서울특별시,500이상700만원 미만,건강 관리를 위해,없음,6,5,20.00000,40.00000,20.00000,20.00000,0.00000,걷기-속보-조깅 직접 하기,자전거-싸이클-산악자전거 직접 타기,라켓스포츠 직접 하기,국내 여행,음악 직접 활동 및 수강하기
53357596,20240508,M,30대,부산광역시,300이상500만원 미만,스트레스 해소를 위해,자기만족-즐거움을 위해,5,5,50.00000,0.00000,0.00000,30.00000,20.00000,국내 여행,맛집-카페 탐방,드라이브,음주-유흥,낮잠자기
53357607,20240508,M,60대,경기도,700만원 이상,건강 관리를 위해,대인 관계-교제를 위해,3,8,0.00000,60.00000,10.00000,30.00000,0.00000,자전거-싸이클-산악자전거 직접 타기,낚시,종교활동,등산 직접 하기,사진 촬영
53357904,20240508,M,50대,전라북도,300이상500만원 미만,마음의 안정-휴식을 위해,건강 관리를 위해,3,5,35.00000,20.00000,10.00000,35.00000,0.00000,등산 직접 하기,영상 컨텐츠 시청,가족-친지 만남,없음,없음
53358066,20240508,F,30대,서울특별시,300이상500만원 미만,마음의 안정-휴식을 위해,스트레스 해소를 위해,2,3,90.00000,0.00000,0.00000,10.00000,0.00000,영상 컨텐츠 시청,SNS -인터넷 커뮤니티 활동,게임,낮잠자기,영화관 관람
53358243,20240508,F,50대,충청남도,500이상700만원 미만,마음의 안정-휴식을 위해,가족-지인 등과 시간을 보내기 위해,2,4,80.00000,0.00000,0.00000,20.00000,0.00000,산책-걷기,사회봉사활동,축제 참가,없음,없음
53358430,20240508,F,40대,강원도,700만원 이상,자기만족-즐거움을 위해,자기 계발을 위해,6,6,50.00000,0.00000,50.00000,0.00000,0.00000,어학-기술-자격증 취득,반려동물 돌보기,영상 컨텐츠 시청,산책-걷기,없음
53358493,20240508,M,30대,충청남도,500이상700만원 미만,대인 관계-교제를 위해,남는 시간을 보내기 위해,8,6,100.00000,0.00000,0.00000,0.00000,0.00000,테마파크-시설 방문,없음,없음,없음,없음
53358555,20240508,F,50대,경상남도,300만원 미만,자기만족-즐거움을 위해,스트레스 해소를 위해,1,7,0.00000,100.00000,0.00000,0.00000,0.00000,익스트림스포츠 직접하기,등산 직접 하기,산책-걷기,생활공예-원예,없음
53358667,20240508,M,60대,전라남도,300만원 미만,대인 관계-교제를 위해,자기만족-즐거움을 위해,8,2,10.00000,50.00000,20.00000,20.00000,0.00000,드라이브,없음,없음,없음,없음
53358841,20240508,F,60대,경기도,300만원 미만,건강 관리를 위해,자기만족-즐거움을 위해,2,2,30.00000,30.00000,20.00000,20.00000,0.00000,수영 직접 하기,산책-걷기,없음,없음,없음
53358849,20240508,M,50대,경기도,300이상500만원 미만,마음의 안정-휴식을 위해,자기만족-즐거움을 위해,6,10,40.00000,50.00000,0.00000,10.00000,0.00000,음악-라디오 감상,없음,없음,없음,없음
53358915,20240508,M,60대,경기도,300이상500만원 미만,건강 관리를 위해,자기만족-즐거움을 위해,2,4,30.00000,20.00000,10.00000,40.00000,0.00000,온천-사우나-찜질방,등산 직접 하기,국내 프로스포츠 영상 시청,맛집-카페 탐방,걷기-속보-조깅 직접 하기
53359141,20240508,F,40대,부산광역시,300이상500만원 미만,대인 관계-교제를 위해,마음의 안정-휴식을 위해,4,4,25.00000,0.00000,25.00000,50.00000,0.00000,독서,산책-걷기,쇼핑,없음,없음
53359181,20240508,F,20대,경기도,300이상500만원 미만,자기만족-즐거움을 위해,마음의 안정-휴식을 위해,4,6,70.00000,5.00000,5.00000,20.00000,0.00000,영상 컨텐츠 시청,SNS -인터넷 커뮤니티 활동,없음,없음,없음
53359238,20240508,F,20대,서울특별시,500이상700만원 미만,가족-지인 등과 시간을 보내기 위해,대인 관계-교제를 위해,2,6,20.00000,0.00000,10.00000,70.00000,0.00000,친구-이성친구 만남,없음,없음,없음,없음
53359352,20240508,F,30대,경기도,300만원 미만,건강 관리를 위해,마음의 안정-휴식을 위해,3,6,50.00000,30.00000,0.00000,20.00000,0.00000,영상 컨텐츠 시청,헬스-보디빌딩 직접 하기,요가-필라테스 직접 하기,반려동물 돌보기,미술관-전시관 관람
53359486,20240508,F,40대,경기도,500이상700만원 미만,가족-지인 등과 시간을 보내기 위해,마음의 안정-휴식을 위해,1,3,90.00000,0.00000,5.00000,5.00000,0.00000,영상 컨텐츠 시청,낮잠자기,쇼핑,수다-잡담하기,산책-걷기
53359535,20240508,M,50대,광주광역시,500이상700만원 미만,건강 관리를 위해,자기만족-즐거움을 위해,3,5,50.00000,10.00000,10.00000,30.00000,0.00000,산책-걷기,게임,걷기-속보-조깅 직접 하기,드라이브,등산 직접 하기
53359625,20240508,F,40대,경기도,무응답,마음의 안정-휴식을 위해,대인 관계-교제를 위해,2,10,50.00000,0.00000,10.00000,30.00000,10.00000,쇼핑,낮잠자기,산책-걷기,없음,없음
53359768,20240508,M,20대,강원도,300이상500만원 미만,자기만족-즐거움을 위해,남는 시간을 보내기 위해,3,8,30.00000,20.00000,0.00000,50.00000,0.00000,수다-잡담하기,영상 컨텐츠 시청,산책-걷기,음악-라디오 감상,게임
53359774,20240508,F,50대,인천광역시,500이상700만원 미만,자기 계발을 위해,마음의 안정-휴식을 위해,3,6,20.00000,10.00000,30.00000,40.00000,0.00000,산책-걷기,소풍-피크닉,걷기-속보-조깅 직접 하기,문학 행사 관람,독서
53359966,20240508,F,30대,서울특별시,무응답,스트레스 해소를 위해,가족-지인 등과 시간을 보내기 위해,2,5,65.00000,10.00000,0.00000,25.00000,0.00000,영상 컨텐츠 시청,영화관 관람,맛집-카페 탐방,음악 공연 관람,미술관-전시관 관람
53359977,20240508,F,40대,부산광역시,300만원 미만,스트레스 해소를 위해,없음,2,6,70.00000,0.00000,0.00000,30.00000,0.00000,낮잠자기,영상 컨텐츠 시청,영상 컨텐츠 제작,없음,없음
53359997,20240508,M,30대,경기도,700만원 이상,가족-지인 등과 시간을 보내기 위해,마음의 안정-휴식을 위해,1,3,50.00000,10.00000,10.00000,30.00000,0.00000,걷기-속보-조깅 직접 하기,쇼핑,산책-걷기,계모임-동창회-사교모임,영상 컨텐츠 시청
53360056,20240508,M,40대,경상북도,300이상500만원 미만,스트레스 해소를 위해,건강 관리를 위해,2,6,50.00000,40.00000,0.00000,10.00000,0.00000,헬스-보디빌딩 직접 하기,영화관 관람,없음,없음,없음
53360119,20240508,M,50대,경기도,700만원 이상,건강 관리를 위해,남는 시간을 보내기 위해,3,3,40.00000,50.00000,0.00000,10.00000,0.00000,등산 직접 하기,걷기-속보-조깅 직접 하기,국내 여행,없음,없음
53360156,20240508,F,30대,부산광역시,500이상700만원 미만,자기만족-즐거움을 위해,자기 계발을 위해,6,3,20.00000,10.00000,50.00000,20.00000,0.00000,수영 직접 하기,독서,없음,없음,없음
53360624,20240508,F,60대,인천광역시,700만원 이상,자기만족-즐거움을 위해,건강 관리를 위해,5,4,30.00000,30.00000,20.00000,20.00000,0.00000,수영 직접 하기,등산 직접 하기,국내 여행,골프 직접 하기,맛집-카페 탐방
53360764,20240508,F,40대,경상북도,300만원 미만,건강 관리를 위해,없음,10,5,90.00000,10.00000,0.00000,0.00000,0.00000,요리-베이킹,없음,없음,없음,없음
53361035,20240508,F,30대,서울특별시,500이상700만원 미만,마음의 안정-휴식을 위해,스트레스 해소를 위해,2,5,50.00000,10.00000,10.00000,10.00000,20.00000,영상 컨텐츠 시청,쇼핑,자전거-싸이클-산악자전거 직접 타기,없음,없음
53361304,20240508,F,60대,부산광역시,300만원 미만,가족-지인 등과 시간을 보내기 위해,자기만족-즐거움을 위해,5,10,30.00000,10.00000,10.00000,50.00000,0.00000,친구-이성친구 만남,가족-친지 만남,음악 공연 관람,국내 여행,낮잠자기
53361646,20240508,M,50대,경기도,700만원 이상,마음의 안정-휴식을 위해,자기만족-즐거움을 위해,3,8,20.00000,70.00000,10.00000,0.00000,0.00000,등산 직접 하기,산책-걷기,줄넘기-맨손체조-스트레칭 직접 하기,라켓스포츠 직접 하기,헬스-보디빌딩 직접 하기
53361738,20240508,F,40대,부산광역시,300이상500만원 미만,스트레스 해소를 위해,마음의 안정-휴식을 위해,1,2,90.00000,10.00000,0.00000,0.00000,0.00000,영상 컨텐츠 시청,없음,없음,없음,없음
53361810,20240508,M,30대,제주특별자치도,300이상500만원 미만,가족-지인 등과 시간을 보내기 위해,마음의 안정-휴식을 위해,2,3,80.00000,0.00000,0.00000,20.00000,0.00000,영상 컨텐츠 시청,소풍-피크닉,테마파크-시설 방문,게임,없음
53361846,20240508,F,50대,전라북도,500이상700만원 미만,마음의 안정-휴식을 위해,건강 관리를 위해,3,4,60.00000,20.00000,10.00000,10.00000,0.00000,캠핑-차박,국내 여행,영화관 관람,맛집-카페 탐방,산책-걷기
53361858,20240508,F,50대,전라북도,300이상500만원 미만,스트레스 해소를 위해,건강 관리를 위해,3,10,30.00000,10.00000,20.00000,40.00000,0.00000,산책-걷기,걷기-속보-조깅 직접 하기,친구-이성친구 만남,등산 직접 하기,계모임-동창회-사교모임
53361865,20240508,F,20대,광주광역시,300만원 미만,스트레스 해소를 위해,건강 관리를 위해,2,0,0.00000,100.00000,0.00000,0.00000,0.00000,수영 직접 하기,영상 컨텐츠 시청,없음,없음,없음
53362304,20240508,F,30대,서울특별시,300만원 미만,마음의 안정-휴식을 위해,없음,1,6,50.00000,50.00000,0.00000,0.00000,0.00000,영화관 관람,없음,없음,없음,없음
53362327,20240508,F,20대,대전광역시,300이상500만원 미만,마음의 안정-휴식을 위해,가족-지인 등과 시간을 보내기 위해,1,8,70.00000,0.00000,0.00000,30.00000,0.00000,음주-유흥,온천-사우나-찜질방,드라이브,국내 여행,낮잠자기
53362369,20240508,M,40대,서울특별시,700만원 이상,자기만족-즐거움을 위해,가족-지인 등과 시간을 보내기 위해,5,10,30.00000,20.00000,10.00000,40.00000,0.00000,생활공예-원예,없음,없음,없음,없음
53362599,20240508,M,40대,경상남도,300이상500만원 미만,자기만족-즐거움을 위해,대인 관계-교제를 위해,2,6,60.00000,5.00000,5.00000,30.00000,0.00000,음주-유흥,등산 직접 하기,친구-이성친구 만남,만화책 보기,낮잠자기
53362600,20240508,M,60대,인천광역시,700만원 이상,건강 관리를 위해,가족-지인 등과 시간을 보내기 위해,3,10,15.00000,60.00000,5.00000,20.00000,0.00000,등산 직접 하기,영화관 관람,라켓스포츠 직접 하기,자전거-싸이클-산악자전거 직접 타기,국내 여행
53362614,20240508,M,40대,서울특별시,300이상500만원 미만,대인 관계-교제를 위해,스트레스 해소를 위해,4,10,80.00000,0.00000,0.00000,20.00000,0.00000,영상 컨텐츠 시청,낮잠자기,게임,만화책 보기,없음
53362729,20240508,F,50대,서울특별시,300이상500만원 미만,건강 관리를 위해,스트레스 해소를 위해,5,5,80.00000,10.00000,0.00000,10.00000,0.00000,걷기-속보-조깅 직접 하기,맛집-카페 탐방,드라이브,영상 컨텐츠 시청,등산 직접 하기
53362902,20240508,M,60대,경기도,700만원 이상,가족-지인 등과 시간을 보내기 위해,자기만족-즐거움을 위해,5,8,50.00000,10.00000,10.00000,30.00000,0.00000,걷기-속보-조깅 직접 하기,신문-잡지보기,해외 프로스포츠 영상 시청,독서,맛집-카페 탐방
53362908,20240508,F,50대,전라북도,500이상700만원 미만,가족-지인 등과 시간을 보내기 위해,건강 관리를 위해,2,4,20.00000,10.00000,20.00000,50.00000,0.00000,줄넘기-맨손체조-스트레칭 직접 하기,종교활동,산책-걷기,쇼핑,걷기-속보-조깅 직접 하기
53362938,20240508,M,50대,경상남도,300이상500만원 미만,가족-지인 등과 시간을 보내기 위해,스트레스 해소를 위해,2,10,60.00000,0.00000,0.00000,40.00000,0.00000,영상 컨텐츠 시청,해외 프로스포츠 영상 시청,산책-걷기,국내 여행,캠핑-차박
53362958,20240508,M,50대,대구광역시,500이상700만원 미만,자기만족-즐거움을 위해,스트레스 해소를 위해,2,5,15.00000,60.00000,5.00000,20.00000,0.00000,골프 직접 하기,구기스포츠 직접 하기,걷기-속보-조깅 직접 하기,계모임-동창회-사교모임,영상 컨텐츠 시청
53363011,20240508,F,50대,경상북도,500이상700만원 미만,자기 계발을 위해,마음의 안정-휴식을 위해,2,5,30.00000,10.00000,30.00000,30.00000,0.00000,걷기-속보-조깅 직접 하기,산책-걷기,요리-베이킹,어학-기술-자격증 취득,영상 컨텐츠 시청
53363139,20240508,F,30대,경기도,500이상700만원 미만,자기만족-즐거움을 위해,마음의 안정-휴식을 위해,2,5,20.00000,0.00000,80.00000,0.00000,0.00000,독서,반려동물 돌보기,SNS -인터넷 커뮤니티 활동,없음,없음
53363154,20240508,F,60대,서울특별시,300만원 미만,가족-지인 등과 시간을 보내기 위해,건강 관리를 위해,2,4,10.00000,10.00000,0.00000,80.00000,0.00000,산책-걷기,종교활동,영상 컨텐츠 시청,낮잠자기,헬스-보디빌딩 직접 하기
53363239,20240508,F,60대,경기도,500이상700만원 미만,자기만족-즐거움을 위해,자기 계발을 위해,5,5,20.00000,30.00000,30.00000,20.00000,0.00000,수다-잡담하기,쇼핑,어학-기술-자격증 취득,반려동물 돌보기,영상 컨텐츠 시청
53363343,20240508,M,40대,제주특별자치도,300이상500만원 미만,마음의 안정-휴식을 위해,가족-지인 등과 시간을 보내기 위해,2,8,60.00000,0.00000,0.00000,40.00000,0.00000,가족-친지 만남,영상 컨텐츠 시청,드라이브,산책-걷기,SNS -인터넷 커뮤니티 활동
53363431,20240508,M,50대,부산광역시,700만원 이상,자기만족-즐거움을 위해,마음의 안정-휴식을 위해,2,6,80.00000,10.00000,5.00000,5.00000,0.00000,영상 컨텐츠 시청,음악-라디오 감상,낮잠자기,온천-사우나-찜질방,영화관 관람
53363689,20240508,M,60대,인천광역시,300이상500만원 미만,가족-지인 등과 시간을 보내기 위해,자기만족-즐거움을 위해,2,6,20.00000,20.00000,10.00000,30.00000,20.00000,온천-사우나-찜질방,친구-이성친구 만남,가족-친지 만남,산책-걷기,맛집-카페 탐방
53363768,20240508,F,60대,경상남도,300이상500만원 미만,자기만족-즐거움을 위해,남는 시간을 보내기 위해,2,2,60.00000,10.00000,10.00000,20.00000,0.00000,헬스-보디빌딩 직접 하기,영상 컨텐츠 시청,국내 여행,걷기-속보-조깅 직접 하기,드라이브
53363818,20240508,M,60대,부산광역시,700만원 이상,건강 관리를 위해,자기만족-즐거움을 위해,10,2,0.00000,60.00000,10.00000,30.00000,0.00000,헬스-보디빌딩 직접 하기,골프 직접 하기,없음,없음,없음
53363910,20240508,F,40대,경기도,700만원 이상,자기 계발을 위해,건강 관리를 위해,3,5,30.00000,20.00000,20.00000,30.00000,0.00000,영상 컨텐츠 시청,음악-라디오 감상,쇼핑,친구-이성친구 만남,영화관 관람
53364043,20240508,F,60대,전라남도,300만원 미만,건강 관리를 위해,마음의 안정-휴식을 위해,1,2,30.00000,10.00000,5.00000,50.00000,5.00000,종교활동,줄넘기-맨손체조-스트레칭 직접 하기,걷기-속보-조깅 직접 하기,가족-친지 만남,자전거-싸이클-산악자전거 직접 타기
53364103,20240508,M,50대,경기도,300이상500만원 미만,가족-지인 등과 시간을 보내기 위해,대인 관계-교제를 위해,1,3,20.00000,0.00000,20.00000,60.00000,0.00000,국내 여행,사회봉사활동,산책-걷기,가족-친지 만남,맛집-카페 탐방
53364411,20240508,F,30대,전라북도,300이상500만원 미만,가족-지인 등과 시간을 보내기 위해,자기만족-즐거움을 위해,3,5,60.00000,10.00000,10.00000,20.00000,0.00000,가족-친지 만남,국내 여행,요리-베이킹,없음,없음
53364544,20240508,F,30대,광주광역시,300만원 미만,마음의 안정-휴식을 위해,자기 계발을 위해,2,1,40.00000,30.00000,20.00000,10.00000,0.00000,영화관 관람,없음,없음,없음,없음
53364672,20240508,F,20대,서울특별시,300만원 미만,자기만족-즐거움을 위해,가족-지인 등과 시간을 보내기 위해,1,1,50.00000,0.00000,0.00000,50.00000,0.00000,SNS -인터넷 커뮤니티 활동,친구-이성친구 만남,낮잠자기,없음,없음
53365347,20240508,F,40대,경기도,700만원 이상,마음의 안정-휴식을 위해,스트레스 해소를 위해,0,3,60.00000,30.00000,10.00000,0.00000,0.00000,헬스-보디빌딩 직접 하기,줄넘기-맨손체조-스트레칭 직접 하기,어학-기술-자격증 취득,없음,없음
53365585,20240508,M,60대,인천광역시,500이상700만원 미만,자기만족-즐거움을 위해,마음의 안정-휴식을 위해,5,10,30.00000,20.00000,20.00000,30.00000,0.00000,반려동물 돌보기,캠핑-차박,없음,없음,없음
53365590,20240508,M,50대,서울특별시,500이상700만원 미만,가족-지인 등과 시간을 보내기 위해,마음의 안정-휴식을 위해,2,12,50.00000,25.00000,0.00000,25.00000,0.00000,볼링_ 당구-포켓볼 직접 하기,등산 직접 하기,영화관 관람,계모임-동창회-사교모임,헬스-보디빌딩 직접 하기
53365713,20240508,M,50대,부산광역시,300이상500만원 미만,자기만족-즐거움을 위해,스트레스 해소를 위해,1,2,30.00000,30.00000,0.00000,40.00000,0.00000,낮잠자기,볼링_ 당구-포켓볼 직접 하기,온천-사우나-찜질방,영상 컨텐츠 시청,갬블
53365759,20240508,M,40대,울산광역시,500이상700만원 미만,마음의 안정-휴식을 위해,스트레스 해소를 위해,2,4,20.00000,20.00000,20.00000,40.00000,0.00000,기타 스포츠 영상-현장 관람,없음,없음,없음,없음
53365939,20240508,F,60대,부산광역시,700만원 이상,마음의 안정-휴식을 위해,자기만족-즐거움을 위해,5,5,100.00000,0.00000,0.00000,0.00000,0.00000,음악 직접 활동 및 수강하기,걷기-속보-조깅 직접 하기,등산 직접 하기,산책-걷기,드라이브
53365980,20240508,M,50대,경기도,700만원 이상,마음의 안정-휴식을 위해,가족-지인 등과 시간을 보내기 위해,2,12,40.00000,30.00000,0.00000,30.00000,0.00000,골프 직접 하기,드라이브,맛집-카페 탐방,가족-친지 만남,영상 컨텐츠 시청
53366146,20240508,M,50대,경상북도,300이상500만원 미만,건강 관리를 위해,마음의 안정-휴식을 위해,1,8,100.00000,0.00000,0.00000,0.00000,0.00000,걷기-속보-조깅 직접 하기,국내 여행,음악-라디오 감상,미술관-전시관 관람,없음
53366170,20240508,M,40대,경기도,500이상700만원 미만,가족-지인 등과 시간을 보내기 위해,스트레스 해소를 위해,1,2,100.00000,0.00000,0.00000,0.00000,0.00000,낮잠자기,SNS -인터넷 커뮤니티 활동,게임,없음,없음
53366216,20240508,F,50대,서울특별시,300이상500만원 미만,건강 관리를 위해,가족-지인 등과 시간을 보내기 위해,3,3,40.00000,10.00000,30.00000,20.00000,0.00000,걷기-속보-조깅 직접 하기,반려동물 돌보기,종교활동,산책-걷기,음악-라디오 감상
53366259,20240508,F,20대,대구광역시,700만원 이상,마음의 안정-휴식을 위해,스트레스 해소를 위해,3,6,50.00000,30.00000,10.00000,10.00000,0.00000,만화책 보기,영상 컨텐츠 시청,해외 프로스포츠 영상 시청,없음,없음
53366398,20240508,M,30대,서울특별시,500이상700만원 미만,가족-지인 등과 시간을 보내기 위해,자기만족-즐거움을 위해,3,9,80.00000,0.00000,0.00000,20.00000,0.00000,영상 컨텐츠 시청,가족-친지 만남,국내 여행,테마파크-시설 방문,소풍-피크닉
53366422,20240508,F,60대,경상남도,700만원 이상,자기만족-즐거움을 위해,남는 시간을 보내기 위해,10,10,40.00000,0.00000,30.00000,30.00000,0.00000,온천-사우나-찜질방,걷기-속보-조깅 직접 하기,영상 컨텐츠 시청,쇼핑,없음
53367177,20240508,F,40대,인천광역시,300이상500만원 미만,자기만족-즐거움을 위해,마음의 안정-휴식을 위해,2,2,60.00000,20.00000,10.00000,10.00000,0.00000,종교활동,만화책 보기,게임,SNS -인터넷 커뮤니티 활동,친구-이성친구 만남
53367382,20240508,M,40대,서울특별시,300이상500만원 미만,자기만족-즐거움을 위해,마음의 안정-휴식을 위해,1,5,40.00000,0.00000,60.00000,0.00000,0.00000,독서,만화책 보기,영화관 관람,걷기-속보-조깅 직접 하기,산책-걷기
53367692,20240508,M,50대,서울특별시,300이상500만원 미만,마음의 안정-휴식을 위해,자기 계발을 위해,2,5,65.00000,10.00000,15.00000,10.00000,0.00000,어학-기술-자격증 취득,걷기-속보-조깅 직접 하기,없음,없음,없음
53367813,20240508,M,50대,서울특별시,700만원 이상,마음의 안정-휴식을 위해,가족-지인 등과 시간을 보내기 위해,2,5,70.00000,0.00000,0.00000,30.00000,0.00000,만화책 보기,낮잠자기,종교활동,가족-친지 만남,걷기-속보-조깅 직접 하기
53367926,20240508,F,40대,경상북도,500이상700만원 미만,건강 관리를 위해,스트레스 해소를 위해,2,5,25.00000,25.00000,25.00000,25.00000,0.00000,걷기-속보-조깅 직접 하기,국내 여행,없음,없음,없음
53367953,20240508,M,60대,경기도,300이상500만원 미만,남는 시간을 보내기 위해,없음,3,8,50.00000,5.00000,5.00000,40.00000,0.00000,게임,계모임-동창회-사교모임,캠핑-차박,없음,없음
53368306,20240508,M,40대,경기도,500이상700만원 미만,자기만족-즐거움을 위해,없음,1,1,0.00000,100.00000,0.00000,0.00000,0.00000,라켓스포츠 직접 하기,없음,없음,없음,없음
53368401,20240508,F,20대,서울특별시,300만원 미만,가족-지인 등과 시간을 보내기 위해,자기만족-즐거움을 위해,1,5,20.00000,80.00000,0.00000,0.00000,0.00000,산책-걷기,독서,음악-라디오 감상,만화책 보기,사진 촬영
53368677,20240508,F,20대,충청남도,700만원 이상,스트레스 해소를 위해,자기만족-즐거움을 위해,15,18,80.00000,20.00000,0.00000,0.00000,0.00000,음악-라디오 감상,게임,SNS -인터넷 커뮤니티 활동,없음,없음
53368745,20240508,F,60대,경상남도,무응답,가족-지인 등과 시간을 보내기 위해,남는 시간을 보내기 위해,3,0,50.00000,10.00000,10.00000,30.00000,0.00000,계모임-동창회-사교모임,댄스스포츠 직접 하기,수다-잡담하기,가족-친지 만남,쇼핑
53369024,20240508,F,20대,서울특별시,무응답,자기만족-즐거움을 위해,마음의 안정-휴식을 위해,8,14,60.00000,20.00000,0.00000,20.00000,0.00000,SNS -인터넷 커뮤니티 활동,맛집-카페 탐방,영상 컨텐츠 시청,산책-걷기,사진 촬영
53369171,20240508,F,50대,경기도,700만원 이상,가족-지인 등과 시간을 보내기 위해,대인 관계-교제를 위해,2,6,50.00000,0.00000,0.00000,50.00000,0.00000,쇼핑,수다-잡담하기,영상 컨텐츠 시청,가족-친지 만남,산책-걷기
53369531,20240508,M,20대,경기도,500이상700만원 미만,자기 계발을 위해,건강 관리를 위해,6,6,80.00000,0.00000,20.00000,0.00000,0.00000,SNS -인터넷 커뮤니티 활동,없음,없음,없음,없음
53369774,20240508,M,50대,인천광역시,700만원 이상,자기만족-즐거움을 위해,마음의 안정-휴식을 위해,2,2,30.00000,10.00000,30.00000,30.00000,0.00000,요리-베이킹,줄넘기-맨손체조-스트레칭 직접 하기,산책-걷기,어학-기술-자격증 취득,쇼핑
53369864,20240508,M,40대,서울특별시,300이상500만원 미만,마음의 안정-휴식을 위해,자기만족-즐거움을 위해,2,4,40.00000,30.00000,20.00000,10.00000,0.00000,영상 컨텐츠 시청,종교활동,구기스포츠 직접 하기,줄넘기-맨손체조-스트레칭 직접 하기,자전거-싸이클-산악자전거 직접 타기
53369980,20240508,M,30대,경기도,300이상500만원 미만,가족-지인 등과 시간을 보내기 위해,스트레스 해소를 위해,2,2,0.00000,100.00000,0.00000,0.00000,0.00000,국내 프로스포츠 영상 시청,없음,없음,없음,없음
53370071,20240508,M,30대,경상북도,300이상500만원 미만,스트레스 해소를 위해,마음의 안정-휴식을 위해,2,5,30.00000,20.00000,0.00000,50.00000,0.00000,드라이브,영상 컨텐츠 시청,라켓스포츠 직접 하기,없음,없음
53370100,20240508,F,50대,경상남도,300만원 미만,자기만족-즐거움을 위해,마음의 안정-휴식을 위해,2,2,0.00000,80.00000,20.00000,0.00000,0.00000,반려동물 돌보기,캠핑-차박,미술 직접 활동 및 수강하기,걷기-속보-조깅 직접 하기,등산 직접 하기
53370309,20240508,F,40대,경기도,700만원 이상,자기 계발을 위해,마음의 안정-휴식을 위해,1,1,50.00000,25.00000,25.00000,0.00000,0.00000,요가-필라테스 직접 하기,어학-기술-자격증 취득,없음,없음,없음
53370333,20240508,M,50대,세종특별자치시,300이상500만원 미만,건강 관리를 위해,자기 계발을 위해,2,4,0.00000,60.00000,30.00000,10.00000,0.00000,골프 직접 하기,어학-기술-자격증 취득,캠핑-차박,온천-사우나-찜질방,자전거-싸이클-산악자전거 직접 타기
53370360,20240508,F,30대,경기도,700만원 이상,마음의 안정-휴식을 위해,남는 시간을 보내기 위해,2,2,50.00000,30.00000,20.00000,0.00000,0.00000,영상 컨텐츠 시청,국내 여행,요가-필라테스 직접 하기,어학-기술-자격증 취득,없음
53370432,20240508,M,50대,서울특별시,700만원 이상,가족-지인 등과 시간을 보내기 위해,자기만족-즐거움을 위해,2,8,30.00000,20.00000,20.00000,30.00000,0.00000,영상 컨텐츠 시청,걷기-속보-조깅 직접 하기,종교활동,음악-라디오 감상,산책-걷기
53370552,20240508,F,50대,서울특별시,700만원 이상,가족-지인 등과 시간을 보내기 위해,마음의 안정-휴식을 위해,5,6,60.00000,0.00000,0.00000,10.00000,30.00000,친구-이성친구 만남,가족-친지 만남,맛집-카페 탐방,쇼핑,산책-걷기
53370972,20240508,F,40대,대구광역시,500이상700만원 미만,마음의 안정-휴식을 위해,건강 관리를 위해,3,5,50.00000,30.00000,10.00000,10.00000,0.00000,게임,영상 컨텐츠 시청,헬스-보디빌딩 직접 하기,걷기-속보-조깅 직접 하기,맛집-카페 탐방
53371112,20240508,M,50대,경상북도,300만원 미만,건강 관리를 위해,자기 계발을 위해,10,10,10.00000,20.00000,40.00000,30.00000,0.00000,독서,맛집-카페 탐방,어학-기술-자격증 취득,드라이브,산책-걷기
53371490,20240508,M,30대,강원도,500이상700만원 미만,마음의 안정-휴식을 위해,남는 시간을 보내기 위해,2,4,100.00000,0.00000,0.00000,0.00000,0.00000,영상 컨텐츠 시청,해외 프로스포츠 영상 시청,골프 영상 시청,낮잠자기,요리-베이킹
53371547,20240508,M,60대,경상남도,300이상500만원 미만,건강 관리를 위해,기타,2,2,60.00000,20.00000,0.00000,20.00000,0.00000,등산 직접 하기,없음,없음,없음,없음
53371730,20240508,M,20대,경상남도,300만원 미만,대인 관계-교제를 위해,마음의 안정-휴식을 위해,3,12,5.00000,0.00000,0.00000,95.00000,0.00000,국내 여행,없음,없음,없음,없음
53371820,20240508,M,40대,울산광역시,300이상500만원 미만,스트레스 해소를 위해,자기만족-즐거움을 위해,1,4,30.00000,40.00000,0.00000,30.00000,0.00000,산책-걷기,등산 직접 하기,국내 여행,국내 프로스포츠 영상 시청,친구-이성친구 만남
53371936,20240508,M,30대,경기도,300이상500만원 미만,스트레스 해소를 위해,자기만족-즐거움을 위해,2,6,40.00000,30.00000,10.00000,20.00000,0.00000,반려동물 돌보기,영화관 관람,자전거-싸이클-산악자전거 직접 타기,산책-걷기,맛집-카페 탐방
53372173,20240508,M,40대,인천광역시,500이상700만원 미만,가족-지인 등과 시간을 보내기 위해,마음의 안정-휴식을 위해,1,5,90.00000,0.00000,0.00000,10.00000,0.00000,게임,해외 프로스포츠 영상 시청,소풍-피크닉,쇼핑,영상 컨텐츠 시청
53372179,20240508,M,50대,서울특별시,700만원 이상,건강 관리를 위해,자기만족-즐거움을 위해,4,8,10.00000,60.00000,10.00000,20.00000,0.00000,등산 직접 하기,자전거-싸이클-산악자전거 직접 타기,걷기-속보-조깅 직접 하기,기타 관광-여행,계모임-동창회-사교모임
53372426,20240508,M,60대,인천광역시,300이상500만원 미만,건강 관리를 위해,자기 계발을 위해,3,5,10.00000,30.00000,30.00000,20.00000,10.00000,음악 직접 활동 및 수강하기,댄스스포츠 직접 하기,걷기-속보-조깅 직접 하기,국내 여행,축제 참가
53372562,20240508,F,40대,경기도,300이상500만원 미만,마음의 안정-휴식을 위해,자기만족-즐거움을 위해,1,2,90.00000,0.00000,0.00000,10.00000,0.00000,만화책 보기,쇼핑,영상 컨텐츠 시청,낮잠자기,없음
53372564,20240508,M,40대,경기도,300이상500만원 미만,스트레스 해소를 위해,마음의 안정-휴식을 위해,5,5,50.00000,30.00000,0.00000,20.00000,0.00000,국내 여행,없음,없음,없음,없음
53372574,20240508,F,40대,경기도,300만원 미만,자기만족-즐거움을 위해,남는 시간을 보내기 위해,2,3,50.00000,20.00000,10.00000,20.00000,0.00000,줄넘기-맨손체조-스트레칭 직접 하기,걷기-속보-조깅 직접 하기,친구-이성친구 만남,영상 컨텐츠 시청,드라이브
53373020,20240508,F,50대,전라남도,300이상500만원 미만,자기만족-즐거움을 위해,대인 관계-교제를 위해,2,2,50.00000,30.00000,0.00000,20.00000,0.00000,수영 직접 하기,걷기-속보-조깅 직접 하기,영상 컨텐츠 시청,없음,없음
53373096,20240508,M,50대,경기도,700만원 이상,마음의 안정-휴식을 위해,가족-지인 등과 시간을 보내기 위해,4,10,80.00000,0.00000,10.00000,10.00000,0.00000,산책-걷기,낮잠자기,SNS -인터넷 커뮤니티 활동,계모임-동창회-사교모임,국내 프로스포츠 현장 관람
53373514,20240508,M,60대,경기도,300이상500만원 미만,대인 관계-교제를 위해,건강 관리를 위해,2,2,30.00000,30.00000,0.00000,40.00000,0.00000,골프 영상 시청,친구-이성친구 만남,종교활동,골프 직접 하기,골프 현장 관람
53373551,20240508,M,40대,인천광역시,500이상700만원 미만,마음의 안정-휴식을 위해,가족-지인 등과 시간을 보내기 위해,2,6,80.00000,0.00000,0.00000,20.00000,0.00000,영상 컨텐츠 시청,산책-걷기,쇼핑,없음,없음
53373857,20240508,M,40대,부산광역시,700만원 이상,가족-지인 등과 시간을 보내기 위해,자기만족-즐거움을 위해,4,10,30.00000,10.00000,10.00000,50.00000,0.00000,게임,국내 여행,캠핑-차박,요리-베이킹,SNS -인터넷 커뮤니티 활동
53373908,20240508,M,50대,경상북도,300이상500만원 미만,스트레스 해소를 위해,가족-지인 등과 시간을 보내기 위해,10,12,0.00000,50.00000,0.00000,50.00000,0.00000,줄넘기-맨손체조-스트레칭 직접 하기,없음,없음,없음,없음
53374004,20240508,M,40대,경상남도,300이상500만원 미만,마음의 안정-휴식을 위해,없음,1,5,60.00000,5.00000,0.00000,20.00000,15.00000,국내 여행,소풍-피크닉,친구-이성친구 만남,산책-걷기,가족-친지 만남
53374331,20240508,M,50대,부산광역시,700만원 이상,가족-지인 등과 시간을 보내기 위해,건강 관리를 위해,3,6,10.00000,20.00000,20.00000,50.00000,0.00000,등산 직접 하기,영상 컨텐츠 제작,음악-라디오 감상,게임,영화관 관람
53374508,20240508,M,30대,경기도,300이상500만원 미만,자기만족-즐거움을 위해,가족-지인 등과 시간을 보내기 위해,6,10,40.00000,20.00000,0.00000,40.00000,0.00000,영상 컨텐츠 시청,음악-라디오 감상,친구-이성친구 만남,가족-친지 만남,헬스-보디빌딩 직접 하기
53374916,20240508,F,60대,세종특별자치시,700만원 이상,자기만족-즐거움을 위해,건강 관리를 위해,5,3,30.00000,20.00000,10.00000,40.00000,0.00000,종교활동,요가-필라테스 직접 하기,해외여행,영상 컨텐츠 시청,친구-이성친구 만남
53375038,20240508,M,20대,경기도,700만원 이상,자기만족-즐거움을 위해,건강 관리를 위해,2,8,70.00000,5.00000,20.00000,5.00000,0.00000,낮잠자기,영상 컨텐츠 시청,기타 자기계발-자기관리,소풍-피크닉,맛집-카페 탐방
53375048,20240508,M,60대,경기도,300이상500만원 미만,가족-지인 등과 시간을 보내기 위해,남는 시간을 보내기 위해,6,12,60.00000,0.00000,0.00000,0.00000,40.00000,온천-사우나-찜질방,골프 직접 하기,격투 스포츠 영상 시청,기타 취미-오락-휴식,국내 여행
53375063,20240508,M,60대,부산광역시,300만원 미만,건강 관리를 위해,대인 관계-교제를 위해,6,12,20.00000,50.00000,10.00000,20.00000,0.00000,영상 컨텐츠 시청,볼링_ 당구-포켓볼 직접 하기,가족-친지 만남,기타 스포츠 영상-현장 관람,산책-걷기
53375163,20240508,M,60대,인천광역시,300이상500만원 미만,건강 관리를 위해,가족-지인 등과 시간을 보내기 위해,6,10,10.00000,0.00000,10.00000,80.00000,0.00000,요가-필라테스 직접 하기,줄넘기-맨손체조-스트레칭 직접 하기,국내 여행,없음,없음
53375416,20240508,F,60대,경기도,300이상500만원 미만,마음의 안정-휴식을 위해,건강 관리를 위해,2,3,60.00000,20.00000,0.00000,20.00000,0.00000,영상 컨텐츠 시청,산책-걷기,신문-잡지보기,쇼핑,기타 자기계발-자기관리
53375607,20240508,M,60대,서울특별시,700만원 이상,마음의 안정-휴식을 위해,건강 관리를 위해,2,2,20.00000,30.00000,20.00000,30.00000,0.00000,등산 직접 하기,걷기-속보-조깅 직접 하기,산책-걷기,음악-라디오 감상,친구-이성친구 만남
53375716,20240508,M,40대,서울특별시,500이상700만원 미만,자기만족-즐거움을 위해,마음의 안정-휴식을 위해,2,5,80.00000,5.00000,5.00000,10.00000,0.00000,격투 스포츠 영상 시청,게임,영상 컨텐츠 시청,국내 프로스포츠 영상 시청,수영 직접 하기
53375770,20240508,M,50대,충청북도,500이상700만원 미만,마음의 안정-휴식을 위해,없음,4,0,70.00000,30.00000,0.00000,0.00000,0.00000,골프 영상 시청,없음,없음,없음,없음
53375786,20240508,M,50대,부산광역시,500이상700만원 미만,자기만족-즐거움을 위해,마음의 안정-휴식을 위해,1,6,40.00000,30.00000,20.00000,10.00000,0.00000,박물관 관람,미술관-전시관 관람,드라이브,영상 컨텐츠 시청,종교활동
53375790,20240508,F,30대,경상북도,300만원 미만,마음의 안정-휴식을 위해,자기만족-즐거움을 위해,2,0,30.00000,10.00000,10.00000,50.00000,0.00000,음악 직접 활동 및 수강하기,없음,없음,없음,없음
53376036,20240508,M,30대,부산광역시,무응답,마음의 안정-휴식을 위해,가족-지인 등과 시간을 보내기 위해,3,8,70.00000,5.00000,5.00000,20.00000,0.00000,영상 컨텐츠 시청,게임,친구-이성친구 만남,사진 촬영,맛집-카페 탐방
53376217,20240508,M,20대,세종특별자치시,700만원 이상,자기만족-즐거움을 위해,가족-지인 등과 시간을 보내기 위해,5,8,20.00000,50.00000,0.00000,30.00000,0.00000,헬스-보디빌딩 직접 하기,구기스포츠 직접 하기,친구-이성친구 만남,가족-친지 만남,수다-잡담하기
53376218,20240508,F,60대,서울특별시,700만원 이상,가족-지인 등과 시간을 보내기 위해,없음,5,5,30.00000,0.00000,0.00000,40.00000,30.00000,종교활동,독서,수다-잡담하기,걷기-속보-조깅 직접 하기,SNS -인터넷 커뮤니티 활동
53376451,20240508,M,60대,경기도,700만원 이상,마음의 안정-휴식을 위해,건강 관리를 위해,3,10,50.00000,10.00000,10.00000,30.00000,0.00000,산책-걷기,없음,없음,없음,없음
53376505,20240508,F,60대,경상남도,300만원 미만,건강 관리를 위해,가족-지인 등과 시간을 보내기 위해,1,2,60.00000,0.00000,40.00000,0.00000,0.00000,해외여행,없음,없음,없음,없음
53376529,20240508,F,40대,울산광역시,300이상500만원 미만,자기만족-즐거움을 위해,건강 관리를 위해,2,6,0.00000,70.00000,20.00000,10.00000,0.00000,쇼핑,수영 직접 하기,산책-걷기,맛집-카페 탐방,낮잠자기
53376579,20240508,F,50대,경상남도,500이상700만원 미만,자기만족-즐거움을 위해,마음의 안정-휴식을 위해,2,4,10.00000,50.00000,0.00000,30.00000,10.00000,걷기-속보-조깅 직접 하기,해외여행,국내 여행,등산 직접 하기,수영 직접 하기
53376643,20240508,M,50대,대구광역시,300이상500만원 미만,대인 관계-교제를 위해,없음,1,3,50.00000,0.00000,0.00000,50.00000,0.00000,온천-사우나-찜질방,없음,없음,없음,없음
53376735,20240508,F,30대,충청남도,300만원 미만,자기만족-즐거움을 위해,마음의 안정-휴식을 위해,2,3,50.00000,20.00000,20.00000,10.00000,0.00000,음악-라디오 감상,영상 컨텐츠 시청,음주-유흥,친구-이성친구 만남,계모임-동창회-사교모임
53377053,20240508,M,40대,강원도,300이상500만원 미만,가족-지인 등과 시간을 보내기 위해,마음의 안정-휴식을 위해,2,14,50.00000,0.00000,0.00000,0.00000,50.00000,소풍-피크닉,캠핑-차박,만화책 보기,영화관 관람,등산 직접 하기
53377116,20240508,F,40대,경기도,300이상500만원 미만,가족-지인 등과 시간을 보내기 위해,자기만족-즐거움을 위해,2,6,40.00000,40.00000,20.00000,0.00000,0.00000,영상 컨텐츠 시청,걷기-속보-조깅 직접 하기,낮잠자기,맛집-카페 탐방,가족-친지 만남
53377363,20240508,F,50대,서울특별시,300만원 미만,건강 관리를 위해,가족-지인 등과 시간을 보내기 위해,1,4,90.00000,0.00000,0.00000,10.00000,0.00000,영상 컨텐츠 시청,산책-걷기,걷기-속보-조깅 직접 하기,없음,없음
